year,country,visitor_count,share_percent
2008,Cəmi,1898939,100.0
2009,Cəmi,1830367,100.0
2010,Cəmi,1962906,100.0
2011,Cəmi,2239141,100.0
2012,Cəmi,2484048,100.0
2013,Cəmi,2508904,100.0
2014,Cəmi,2297804,100.0
2015,Cəmi,2006176,100.0
2016,Cəmi,2248773,100.0
2017,Cəmi,2696745,100.0
2018,Cəmi,2849592,100.0
2019,Cəmi,3170373,100.0
2020,Cəmi,795722,100.0
2021,Cəmi,791751,100.0
2022,Cəmi,1602279,100.0
2023,Cəmi,2085790,100.0
2024,Cəmi,2626679,100.0
2008,ABŞ,13314,0.7
2009,ABŞ,11663,0.64
2010,ABŞ,11986,0.61
2011,ABŞ,11443,0.51
2012,ABŞ,13687,0.55
2013,ABŞ,15612,0.62
2014,ABŞ,14543,0.63
2015,ABŞ,13208,0.66
2016,ABŞ,12291,0.55
2017,ABŞ,15178,0.56
2018,ABŞ,17516,0.61
2019,ABŞ,18787,0.59
2020,ABŞ,2604,0.33
2021,ABŞ,4409,0.56
2022,ABŞ,12305,0.77
2023,ABŞ,16968,0.81
2024,ABŞ,22927,0.87
2008,Almaniya,8740,0.46
2009,Almaniya,10695,0.58
2010,Almaniya,10602,0.54
2011,Almaniya,11927,0.53
2012,Almaniya,16445,0.66
2013,Almaniya,13920,0.55
2014,Almaniya,13838,0.6
2015,Almaniya,15210,0.76
2016,Almaniya,13042,0.58
2017,Almaniya,16319,0.61
2018,Almaniya,17200,0.6
2019,Almaniya,20509,0.65
2020,Almaniya,3531,0.44
2021,Almaniya,5922,0.75
2022,Almaniya,14427,0.9
2023,Almaniya,17063,0.82
2024,Almaniya,21731,0.83
2008,Avstraliya,1276,0.07
2009,Avstraliya,1109,0.06
2010,Avstraliya,1122,0.06
2011,Avstraliya,1129,0.05
2012,Avstraliya,1296,0.05
2013,Avstraliya,1518,0.06
2014,Avstraliya,2161,0.09
2015,Avstraliya,2233,0.11
2016,Avstraliya,1851,0.08
2017,Avstraliya,2455,0.09
2018,Avstraliya,3251,0.11
2019,Avstraliya,4054,0.13
2020,Avstraliya,360,0.05
2021,Avstraliya,218,0.03
2022,Avstraliya,1812,0.11
2023,Avstraliya,2722,0.13
2024,Avstraliya,4399,0.17
2008,Avstriya,1392,0.07
2009,Avstriya,1801,0.1
2010,Avstriya,2513,0.13
2011,Avstriya,3021,0.13
2012,Avstriya,3499,0.14
2013,Avstriya,2567,0.1
2014,Avstriya,2884,0.13
2015,Avstriya,2770,0.14
2016,Avstriya,2417,0.11
2017,Avstriya,2405,0.09
2018,Avstriya,2830,0.1
2019,Avstriya,3285,0.1
2020,Avstriya,437,0.05
2021,Avstriya,871,0.11
2022,Avstriya,1926,0.12
2023,Avstriya,2629,0.13
2024,Avstriya,2888,0.11
2008,Banqladeş,294,0.02
2009,Banqladeş,453,0.02
2010,Banqladeş,576,0.03
2011,Banqladeş,439,0.02
2012,Banqladeş,1151,0.05
2013,Banqladeş,581,0.02
2014,Banqladeş,518,0.02
2015,Banqladeş,1409,0.07
2016,Banqladeş,877,0.04
2017,Banqladeş,988,0.04
2018,Banqladeş,1233,0.04
2019,Banqladeş,1408,0.04
2020,Banqladeş,298,0.04
2021,Banqladeş,569,0.07
2022,Banqladeş,1394,0.09
2023,Banqladeş,2159,0.1
2024,Banqladeş,3999,0.15
2008,BƏƏ,346,0.02
2009,BƏƏ,270,0.01
2010,BƏƏ,412,0.02
2011,BƏƏ,469,0.02
2012,BƏƏ,551,0.02
2013,BƏƏ,638,0.03
2014,BƏƏ,821,0.04
2015,BƏƏ,2379,0.12
2016,BƏƏ,53180,2.36
2017,BƏƏ,102498,3.8
2018,BƏƏ,94031,3.3
2019,BƏƏ,68346,2.16
2020,BƏƏ,7951,1.0
2021,BƏƏ,17320,2.19
2022,BƏƏ,41085,2.56
2023,BƏƏ,45759,2.19
2024,BƏƏ,46731,1.78
2008,Bəhreyn,78,0.0
2009,Bəhreyn,80,0.0
2010,Bəhreyn,87,0.0
2011,Bəhreyn,97,0.0
2012,Bəhreyn,107,0.0
2013,Bəhreyn,188,0.01
2014,Bəhreyn,131,0.01
2015,Bəhreyn,237,0.01
2016,Bəhreyn,1562,0.07
2017,Bəhreyn,5628,0.21
2018,Bəhreyn,11422,0.4
2019,Bəhreyn,8104,0.26
2020,Bəhreyn,1746,0.22
2021,Bəhreyn,1371,0.17
2022,Bəhreyn,3424,0.21
2023,Bəhreyn,5911,0.28
2024,Bəhreyn,5917,0.23
2008,Belarus,4660,0.25
2009,Belarus,5308,0.29
2010,Belarus,5479,0.28
2011,Belarus,5724,0.26
2012,Belarus,7038,0.28
2013,Belarus,8251,0.33
2014,Belarus,9256,0.4
2015,Belarus,10729,0.53
2016,Belarus,12320,0.55
2017,Belarus,13119,0.49
2018,Belarus,13024,0.46
2019,Belarus,14844,0.47
2020,Belarus,6036,0.76
2021,Belarus,5730,0.72
2022,Belarus,18562,1.16
2023,Belarus,27612,1.32
2024,Belarus,26308,1.0
2008,Belçika,1980,0.1
2009,Belçika,2389,0.13
2010,Belçika,2233,0.11
2011,Belçika,2299,0.1
2012,Belçika,2255,0.09
2013,Belçika,1725,0.07
2014,Belçika,1908,0.08
2015,Belçika,2098,0.1
2016,Belçika,1603,0.07
2017,Belçika,1559,0.06
2018,Belçika,1996,0.07
2019,Belçika,2415,0.08
2020,Belçika,436,0.05
2021,Belçika,990,0.13
2022,Belçika,1844,0.12
2023,Belçika,2153,0.1
2024,Belçika,2963,0.11
2008,Boliviya,62,0.0
2009,Boliviya,27,0.0
2010,Boliviya,53,0.0
2011,Boliviya,36,0.0
2012,Boliviya,34,0.0
2013,Boliviya,55,0.0
2014,Boliviya,42,0.0
2015,Boliviya,27,0.0
2016,Boliviya,53,0.0
2017,Boliviya,59,0.0
2018,Boliviya,79,0.0
2019,Boliviya,85,0.0
2020,Boliviya,10,0.0
2021,Boliviya,8,0.0
2022,Boliviya,23,0.0
2023,Boliviya,45,0.0
2024,Boliviya,82,0.0
2008,Bolqarıstan,1193,0.06
2009,Bolqarıstan,1351,0.07
2010,Bolqarıstan,1638,0.08
2011,Bolqarıstan,1984,0.09
2012,Bolqarıstan,2231,0.09
2013,Bolqarıstan,2028,0.08
2014,Bolqarıstan,2324,0.1
2015,Bolqarıstan,2253,0.11
2016,Bolqarıstan,1531,0.07
2017,Bolqarıstan,1527,0.06
2018,Bolqarıstan,2552,0.09
2019,Bolqarıstan,2497,0.08
2020,Bolqarıstan,365,0.05
2021,Bolqarıstan,394,0.05
2022,Bolqarıstan,913,0.06
2023,Bolqarıstan,1736,0.08
2024,Bolqarıstan,2703,0.1
2008,Bosniya və Hersoqovina,901,0.05
2009,Bosniya və Hersoqovina,1301,0.07
2010,Bosniya və Hersoqovina,276,0.01
2011,Bosniya və Hersoqovina,179,0.01
2012,Bosniya və Hersoqovina,278,0.01
2013,Bosniya və Hersoqovina,254,0.01
2014,Bosniya və Hersoqovina,275,0.01
2015,Bosniya və Hersoqovina,335,0.02
2016,Bosniya və Hersoqovina,257,0.01
2017,Bosniya və Hersoqovina,321,0.01
2018,Bosniya və Hersoqovina,314,0.01
2019,Bosniya və Hersoqovina,355,0.01
2020,Bosniya və Hersoqovina,50,0.01
2021,Bosniya və Hersoqovina,101,0.01
2022,Bosniya və Hersoqovina,202,0.01
2023,Bosniya və Hersoqovina,483,0.02
2024,Bosniya və Hersoqovina,525,0.02
2008,Böyük Britaniya,29362,1.55
2009,Böyük Britaniya,25699,1.4
2010,Böyük Britaniya,24160,1.23
2011,Böyük Britaniya,24646,1.1
2012,Böyük Britaniya,29125,1.17
2013,Böyük Britaniya,32841,1.31
2014,Böyük Britaniya,33563,1.46
2015,Böyük Britaniya,34892,1.74
2016,Böyük Britaniya,29514,1.31
2017,Böyük Britaniya,31751,1.18
2018,Böyük Britaniya,29417,1.03
2019,Böyük Britaniya,36914,1.16
2020,Böyük Britaniya,7051,0.89
2021,Böyük Britaniya,9428,1.19
2022,Böyük Britaniya,17478,1.09
2023,Böyük Britaniya,21562,1.03
2024,Böyük Britaniya,25693,0.98
2008,Braziliya,255,0.01
2009,Braziliya,399,0.02
2010,Braziliya,434,0.02
2011,Braziliya,500,0.02
2012,Braziliya,516,0.02
2013,Braziliya,817,0.03
2014,Braziliya,729,0.03
2015,Braziliya,788,0.04
2016,Braziliya,1028,0.05
2017,Braziliya,1290,0.05
2018,Braziliya,1722,0.06
2019,Braziliya,2106,0.07
2020,Braziliya,279,0.04
2021,Braziliya,418,0.05
2022,Braziliya,1131,0.07
2023,Braziliya,1642,0.08
2024,Braziliya,3758,0.14
2008,Cənubi Afrika,453,0.02
2009,Cənubi Afrika,549,0.03
2010,Cənubi Afrika,716,0.04
2011,Cənubi Afrika,550,0.02
2012,Cənubi Afrika,878,0.04
2013,Cənubi Afrika,916,0.04
2014,Cənubi Afrika,1048,0.05
2015,Cənubi Afrika,709,0.04
2016,Cənubi Afrika,902,0.04
2017,Cənubi Afrika,938,0.03
2018,Cənubi Afrika,1284,0.05
2019,Cənubi Afrika,1326,0.04
2020,Cənubi Afrika,253,0.03
2021,Cənubi Afrika,245,0.03
2022,Cənubi Afrika,832,0.05
2023,Cənubi Afrika,1322,0.06
2024,Cənubi Afrika,1774,0.07
2008,Çexiya Respublikası,784,0.04
2009,Çexiya Respublikası,948,0.05
2010,Çexiya Respublikası,1013,0.05
2011,Çexiya Respublikası,1025,0.05
2012,Çexiya Respublikası,1279,0.05
2013,Çexiya Respublikası,1497,0.06
2014,Çexiya Respublikası,1709,0.07
2015,Çexiya Respublikası,1845,0.09
2016,Çexiya Respublikası,1785,0.08
2017,Çexiya Respublikası,2272,0.08
2018,Çexiya Respublikası,2192,0.08
2019,Çexiya Respublikası,2390,0.08
2020,Çexiya Respublikası,314,0.04
2021,Çexiya Respublikası,704,0.09
2022,Çexiya Respublikası,1142,0.07
2023,Çexiya Respublikası,2002,0.1
2024,Çexiya Respublikası,2679,0.1
2008,Çili,35,0.0
2009,Çili,13,0.0
2010,Çili,28,0.0
2011,Çili,35,0.0
2012,Çili,66,0.0
2013,Çili,96,0.0
2014,Çili,90,0.0
2015,Çili,67,0.0
2016,Çili,77,0.0
2017,Çili,166,0.01
2018,Çili,115,0.0
2019,Çili,160,0.01
2020,Çili,27,0.0
2021,Çili,21,0.0
2022,Çili,68,0.0
2023,Çili,145,0.01
2024,Çili,266,0.01
2008,Çin,7138,0.38
2009,Çin,6322,0.35
2010,Çin,5846,0.3
2011,Çin,6224,0.28
2012,Çin,5060,0.2
2013,Çin,6465,0.26
2014,Çin,5930,0.26
2015,Çin,5094,0.25
2016,Çin,7363,0.33
2017,Çin,10274,0.38
2018,Çin,15730,0.55
2019,Çin,25542,0.81
2020,Çin,1532,0.19
2021,Çin,1781,0.22
2022,Çin,3548,0.22
2023,Çin,23154,1.11
2024,Çin,44798,1.71
2008,Danimarka,682,0.04
2009,Danimarka,688,0.04
2010,Danimarka,745,0.04
2011,Danimarka,870,0.04
2012,Danimarka,1099,0.04
2013,Danimarka,1087,0.04
2014,Danimarka,1027,0.04
2015,Danimarka,1178,0.06
2016,Danimarka,1060,0.05
2017,Danimarka,1392,0.05
2018,Danimarka,1508,0.05
2019,Danimarka,1982,0.06
2020,Danimarka,443,0.06
2021,Danimarka,1743,0.22
2022,Danimarka,847,0.05
2023,Danimarka,1264,0.06
2024,Danimarka,1960,0.07
2008,Əfqanıstan,443,0.02
2009,Əfqanıstan,303,0.02
2010,Əfqanıstan,194,0.01
2011,Əfqanıstan,270,0.01
2012,Əfqanıstan,393,0.02
2013,Əfqanıstan,636,0.03
2014,Əfqanıstan,674,0.03
2015,Əfqanıstan,545,0.03
2016,Əfqanıstan,535,0.02
2017,Əfqanıstan,707,0.03
2018,Əfqanıstan,1144,0.04
2019,Əfqanıstan,1296,0.04
2020,Əfqanıstan,187,0.02
2021,Əfqanıstan,149,0.02
2022,Əfqanıstan,328,0.02
2023,Əfqanıstan,349,0.02
2024,Əfqanıstan,120,0.0
2008,Əlcəzair,137,0.01
2009,Əlcəzair,213,0.01
2010,Əlcəzair,229,0.01
2011,Əlcəzair,180,0.01
2012,Əlcəzair,135,0.01
2013,Əlcəzair,197,0.01
2014,Əlcəzair,121,0.01
2015,Əlcəzair,210,0.01
2016,Əlcəzair,189,0.01
2017,Əlcəzair,473,0.02
2018,Əlcəzair,547,0.02
2019,Əlcəzair,979,0.03
2020,Əlcəzair,175,0.02
2021,Əlcəzair,143,0.02
2022,Əlcəzair,469,0.03
2023,Əlcəzair,1885,0.09
2024,Əlcəzair,3423,0.13
2008,Estoniya,794,0.04
2009,Estoniya,606,0.03
2010,Estoniya,566,0.03
2011,Estoniya,559,0.02
2012,Estoniya,791,0.03
2013,Estoniya,787,0.03
2014,Estoniya,878,0.04
2015,Estoniya,1017,0.05
2016,Estoniya,844,0.04
2017,Estoniya,928,0.03
2018,Estoniya,1163,0.04
2019,Estoniya,1611,0.05
2020,Estoniya,107,0.01
2021,Estoniya,243,0.03
2022,Estoniya,985,0.06
2023,Estoniya,1515,0.07
2024,Estoniya,1798,0.07
2008,Filippin,1505,0.08
2009,Filippin,1216,0.07
2010,Filippin,1153,0.06
2011,Filippin,1003,0.04
2012,Filippin,1322,0.05
2013,Filippin,1445,0.06
2014,Filippin,1488,0.06
2015,Filippin,1613,0.08
2016,Filippin,1889,0.08
2017,Filippin,2575,0.1
2018,Filippin,3698,0.13
2019,Filippin,4607,0.15
2020,Filippin,687,0.09
2021,Filippin,1323,0.17
2022,Filippin,4658,0.29
2023,Filippin,7758,0.37
2024,Filippin,11195,0.43
2008,Finlandiya,973,0.05
2009,Finlandiya,1098,0.06
2010,Finlandiya,1041,0.05
2011,Finlandiya,699,0.03
2012,Finlandiya,902,0.04
2013,Finlandiya,935,0.04
2014,Finlandiya,913,0.04
2015,Finlandiya,1234,0.06
2016,Finlandiya,1016,0.05
2017,Finlandiya,1418,0.05
2018,Finlandiya,1695,0.06
2019,Finlandiya,2146,0.07
2020,Finlandiya,150,0.02
2021,Finlandiya,255,0.03
2022,Finlandiya,640,0.04
2023,Finlandiya,967,0.05
2024,Finlandiya,1176,0.04
2008,Fransa,3833,0.2
2009,Fransa,3994,0.22
2010,Fransa,4128,0.21
2011,Fransa,4799,0.21
2012,Fransa,5870,0.24
2013,Fransa,5919,0.24
2014,Fransa,6858,0.3
2015,Fransa,6637,0.33
2016,Fransa,5785,0.26
2017,Fransa,6959,0.26
2018,Fransa,7903,0.28
2019,Fransa,9101,0.29
2020,Fransa,1506,0.19
2021,Fransa,2278,0.29
2022,Fransa,4724,0.29
2023,Fransa,6133,0.29
2024,Fransa,7360,0.28
2008,Gürcüstan,607875,32.01
2009,Gürcüstan,529613,28.93
2010,Gürcüstan,491942,25.06
2011,Gürcüstan,573063,25.59
2012,Gürcüstan,763251,30.73
2013,Gürcüstan,810390,32.3
2014,Gürcüstan,699532,30.44
2015,Gürcüstan,571648,28.49
2016,Gürcüstan,506306,22.51
2017,Gürcüstan,538213,19.96
2018,Gürcüstan,610556,21.43
2019,Gürcüstan,725465,22.88
2020,Gürcüstan,184228,23.15
2021,Gürcüstan,62666,7.91
2022,Gürcüstan,82206,5.13
2023,Gürcüstan,104450,5.01
2024,Gürcüstan,111300,4.24
2008,Efiopiya Federativ Demokratik Respublikası,30,0.0
2009,Efiopiya Federativ Demokratik Respublikası,36,0.0
2010,Efiopiya Federativ Demokratik Respublikası,30,0.0
2011,Efiopiya Federativ Demokratik Respublikası,22,0.0
2012,Efiopiya Federativ Demokratik Respublikası,30,0.0
2013,Efiopiya Federativ Demokratik Respublikası,29,0.0
2014,Efiopiya Federativ Demokratik Respublikası,28,0.0
2015,Efiopiya Federativ Demokratik Respublikası,23,0.0
2016,Efiopiya Federativ Demokratik Respublikası,197,0.01
2017,Efiopiya Federativ Demokratik Respublikası,118,0.0
2018,Efiopiya Federativ Demokratik Respublikası,72,0.0
2019,Efiopiya Federativ Demokratik Respublikası,80,0.0
2020,Efiopiya Federativ Demokratik Respublikası,28,0.0
2021,Efiopiya Federativ Demokratik Respublikası,71,0.01
2022,Efiopiya Federativ Demokratik Respublikası,174,0.01
2023,Efiopiya Federativ Demokratik Respublikası,190,0.01
2024,Efiopiya Federativ Demokratik Respublikası,459,0.02
2008,Hindistan,4236,0.22
2009,Hindistan,3721,0.2
2010,Hindistan,3755,0.19
2011,Hindistan,3715,0.17
2012,Hindistan,5048,0.2
2013,Hindistan,4791,0.19
2014,Hindistan,4853,0.21
2015,Hindistan,5584,0.28
2016,Hindistan,6012,0.27
2017,Hindistan,14244,0.53
2018,Hindistan,39051,1.37
2019,Hindistan,65118,2.05
2020,Hindistan,12769,1.6
2021,Hindistan,5705,0.72
2022,Hindistan,60731,3.79
2023,Hindistan,117302,5.62
2024,Hindistan,243633,9.28
2008,İndoneziya,378,0.02
2009,İndoneziya,314,0.02
2010,İndoneziya,353,0.02
2011,İndoneziya,440,0.02
2012,İndoneziya,577,0.02
2013,İndoneziya,706,0.03
2014,İndoneziya,686,0.03
2015,İndoneziya,828,0.04
2016,İndoneziya,1285,0.06
2017,İndoneziya,1798,0.07
2018,İndoneziya,2303,0.08
2019,İndoneziya,2193,0.07
2020,İndoneziya,871,0.11
2021,İndoneziya,928,0.12
2022,İndoneziya,868,0.05
2023,İndoneziya,1517,0.07
2024,İndoneziya,2711,0.1
2008,İordaniya,576,0.03
2009,İordaniya,299,0.02
2010,İordaniya,392,0.02
2011,İordaniya,379,0.02
2012,İordaniya,387,0.02
2013,İordaniya,442,0.02
2014,İordaniya,510,0.02
2015,İordaniya,464,0.02
2016,İordaniya,945,0.04
2017,İordaniya,2108,0.08
2018,İordaniya,3573,0.13
2019,İordaniya,4359,0.14
2020,İordaniya,495,0.06
2021,İordaniya,811,0.1
2022,İordaniya,4826,0.3
2023,İordaniya,5116,0.25
2024,İordaniya,7148,0.27
2008,İran,308650,16.25
2009,İran,329913,18.02
2010,İran,349960,17.83
2011,İran,407576,18.2
2012,İran,283739,11.42
2013,İran,143579,5.72
2014,İran,131179,5.71
2015,İran,149600,7.46
2016,İran,248632,11.06
2017,İran,363528,13.48
2018,İran,241124,8.46
2019,İran,255628,8.06
2020,İran,72783,9.15
2021,İran,125358,15.83
2022,İran,170450,10.64
2023,İran,165214,7.92
2024,İran,210081,8.0
2008,İraq,677,0.04
2009,İraq,476,0.03
2010,İraq,549,0.03
2011,İraq,679,0.03
2012,İraq,917,0.04
2013,İraq,991,0.04
2014,İraq,738,0.03
2015,İraq,2147,0.11
2016,İraq,62983,2.8
2017,İraq,62547,2.32
2018,İraq,67514,2.37
2019,İraq,50723,1.6
2020,İraq,5186,0.65
2021,İraq,1019,0.13
2022,İraq,2153,0.13
2023,İraq,2362,0.11
2024,İraq,5320,0.2
2008,İrlandiya,838,0.04
2009,İrlandiya,757,0.04
2010,İrlandiya,961,0.05
2011,İrlandiya,919,0.04
2012,İrlandiya,969,0.04
2013,İrlandiya,1068,0.04
2014,İrlandiya,1326,0.06
2015,İrlandiya,1443,0.07
2016,İrlandiya,1190,0.05
2017,İrlandiya,1523,0.06
2018,İrlandiya,1514,0.05
2019,İrlandiya,2011,0.06
2020,İrlandiya,319,0.04
2021,İrlandiya,658,0.08
2022,İrlandiya,1137,0.07
2023,İrlandiya,1377,0.07
2024,İrlandiya,1955,0.07
2008,Fələstin dövləti,34,0.0
2009,Fələstin dövləti,42,0.0
2010,Fələstin dövləti,25,0.0
2011,Fələstin dövləti,68,0.0
2012,Fələstin dövləti,53,0.0
2013,Fələstin dövləti,69,0.0
2014,Fələstin dövləti,64,0.0
2015,Fələstin dövləti,53,0.0
2016,Fələstin dövləti,236,0.01
2017,Fələstin dövləti,674,0.02
2018,Fələstin dövləti,1716,0.06
2019,Fələstin dövləti,1383,0.04
2020,Fələstin dövləti,120,0.02
2021,Fələstin dövləti,284,0.04
2022,Fələstin dövləti,956,0.06
2023,Fələstin dövləti,1122,0.05
2024,Fələstin dövləti,1290,0.05
2008,İslandiya,64,0.0
2009,İslandiya,219,0.01
2010,İslandiya,170,0.01
2011,İslandiya,384,0.02
2012,İslandiya,651,0.03
2013,İslandiya,700,0.03
2014,İslandiya,828,0.04
2015,İslandiya,773,0.04
2016,İslandiya,368,0.02
2017,İslandiya,298,0.01
2018,İslandiya,285,0.01
2019,İslandiya,285,0.01
2020,İslandiya,594,0.07
2021,İslandiya,479,0.06
2022,İslandiya,337,0.02
2023,İslandiya,164,0.01
2024,İslandiya,427,0.02
2008,İspaniya,696,0.04
2009,İspaniya,936,0.05
2010,İspaniya,1074,0.05
2011,İspaniya,1388,0.06
2012,İspaniya,1685,0.07
2013,İspaniya,2321,0.09
2014,İspaniya,3000,0.13
2015,İspaniya,3355,0.17
2016,İspaniya,2445,0.11
2017,İspaniya,2903,0.11
2018,İspaniya,3807,0.13
2019,İspaniya,4730,0.15
2020,İspaniya,591,0.07
2021,İspaniya,1208,0.15
2022,İspaniya,2410,0.15
2023,İspaniya,3783,0.18
2024,İspaniya,7603,0.29
2008,İsrail,6233,0.33
2009,İsrail,6516,0.36
2010,İsrail,6346,0.32
2011,İsrail,5671,0.25
2012,İsrail,6369,0.26
2013,İsrail,6989,0.28
2014,İsrail,7534,0.33
2015,İsrail,8325,0.41
2016,İsrail,10814,0.48
2017,İsrail,15385,0.57
2018,İsrail,40158,1.41
2019,İsrail,47056,1.48
2020,İsrail,4238,0.53
2021,İsrail,6655,0.84
2022,İsrail,23933,1.49
2023,İsrail,29091,1.39
2024,İsrail,28954,1.1
2008,İsveç,1385,0.07
2009,İsveç,1126,0.06
2010,İsveç,1357,0.07
2011,İsveç,1274,0.06
2012,İsveç,2012,0.08
2013,İsveç,1857,0.07
2014,İsveç,1874,0.08
2015,İsveç,1955,0.1
2016,İsveç,2003,0.09
2017,İsveç,2616,0.1
2018,İsveç,3042,0.11
2019,İsveç,3457,0.11
2020,İsveç,495,0.06
2021,İsveç,781,0.1
2022,İsveç,1885,0.12
2023,İsveç,2507,0.12
2024,İsveç,3316,0.13
2008,İsveçrə,1022,0.05
2009,İsveçrə,1429,0.08
2010,İsveçrə,1227,0.06
2011,İsveçrə,1246,0.06
2012,İsveçrə,1707,0.07
2013,İsveçrə,1600,0.06
2014,İsveçrə,1774,0.08
2015,İsveçrə,2129,0.11
2016,İsveçrə,1672,0.07
2017,İsveçrə,1870,0.07
2018,İsveçrə,2517,0.09
2019,İsveçrə,3215,0.1
2020,İsveçrə,377,0.05
2021,İsveçrə,1134,0.14
2022,İsveçrə,1352,0.08
2023,İsveçrə,2006,0.1
2024,İsveçrə,2522,0.1
2008,İtaliya,3762,0.2
2009,İtaliya,4066,0.22
2010,İtaliya,4732,0.24
2011,İtaliya,4857,0.22
2012,İtaliya,6767,0.27
2013,İtaliya,8566,0.34
2014,İtaliya,9605,0.42
2015,İtaliya,10379,0.52
2016,İtaliya,8654,0.38
2017,İtaliya,10133,0.38
2018,İtaliya,11035,0.39
2019,İtaliya,12259,0.39
2020,İtaliya,2820,0.35
2021,İtaliya,3498,0.44
2022,İtaliya,6215,0.39
2023,İtaliya,10058,0.48
2024,İtaliya,13584,0.52
2008,Kamerun,42,0.0
2009,Kamerun,47,0.0
2010,Kamerun,40,0.0
2011,Kamerun,55,0.0
2012,Kamerun,40,0.0
2013,Kamerun,119,0.0
2014,Kamerun,52,0.0
2015,Kamerun,73,0.0
2016,Kamerun,85,0.0
2017,Kamerun,146,0.01
2018,Kamerun,50,0.0
2019,Kamerun,67,0.0
2020,Kamerun,10,0.0
2021,Kamerun,16,0.0
2022,Kamerun,41,0.0
2023,Kamerun,85,0.0
2024,Kamerun,252,0.01
2008,Kanada,2356,0.12
2009,Kanada,2036,0.11
2010,Kanada,2050,0.1
2011,Kanada,1851,0.08
2012,Kanada,2566,0.1
2013,Kanada,2411,0.1
2014,Kanada,2501,0.11
2015,Kanada,2372,0.12
2016,Kanada,2320,0.1
2017,Kanada,3190,0.12
2018,Kanada,4108,0.14
2019,Kanada,4643,0.15
2020,Kanada,624,0.08
2021,Kanada,824,0.1
2022,Kanada,2751,0.17
2023,Kanada,3852,0.18
2024,Kanada,5322,0.2
2008,Kolumbiya,364,0.02
2009,Kolumbiya,349,0.02
2010,Kolumbiya,332,0.02
2011,Kolumbiya,417,0.02
2012,Kolumbiya,427,0.02
2013,Kolumbiya,437,0.02
2014,Kolumbiya,432,0.02
2015,Kolumbiya,464,0.02
2016,Kolumbiya,592,0.03
2017,Kolumbiya,542,0.02
2018,Kolumbiya,759,0.03
2019,Kolumbiya,579,0.02
2020,Kolumbiya,94,0.01
2021,Kolumbiya,136,0.02
2022,Kolumbiya,424,0.03
2023,Kolumbiya,828,0.04
2024,Kolumbiya,1150,0.04
2008,Koreya Respublikası,2446,0.13
2009,Koreya Respublikası,2082,0.11
2010,Koreya Respublikası,2647,0.13
2011,Koreya Respublikası,2461,0.11
2012,Koreya Respublikası,2829,0.11
2013,Koreya Respublikası,3134,0.12
2014,Koreya Respublikası,3368,0.15
2015,Koreya Respublikası,3061,0.15
2016,Koreya Respublikası,3132,0.14
2017,Koreya Respublikası,4642,0.17
2018,Koreya Respublikası,7854,0.28
2019,Koreya Respublikası,9415,0.3
2020,Koreya Respublikası,681,0.09
2021,Koreya Respublikası,413,0.05
2022,Koreya Respublikası,2345,0.15
2023,Koreya Respublikası,7710,0.37
2024,Koreya Respublikası,15004,0.57
2008,Kuba,26,0.0
2009,Kuba,32,0.0
2010,Kuba,88,0.0
2011,Kuba,81,0.0
2012,Kuba,74,0.0
2013,Kuba,98,0.0
2014,Kuba,133,0.01
2015,Kuba,73,0.0
2016,Kuba,169,0.01
2017,Kuba,55,0.0
2018,Kuba,103,0.0
2019,Kuba,278,0.01
2020,Kuba,249,0.03
2021,Kuba,18,0.0
2022,Kuba,64,0.0
2023,Kuba,120,0.01
2024,Kuba,149,0.01
2008,Küveyt,158,0.01
2009,Küveyt,149,0.01
2010,Küveyt,322,0.02
2011,Küveyt,324,0.01
2012,Küveyt,233,0.01
2013,Küveyt,392,0.02
2014,Küveyt,419,0.02
2015,Küveyt,528,0.03
2016,Küveyt,1699,0.08
2017,Küveyt,16481,0.61
2018,Küveyt,29803,1.05
2019,Küveyt,30303,0.96
2020,Küveyt,7076,0.89
2021,Küveyt,2289,0.29
2022,Küveyt,22609,1.41
2023,Küveyt,29692,1.42
2024,Küveyt,31369,1.19
2008,Latviya,1101,0.06
2009,Latviya,1281,0.07
2010,Latviya,1295,0.07
2011,Latviya,1536,0.07
2012,Latviya,1875,0.08
2013,Latviya,1731,0.07
2014,Latviya,1750,0.08
2015,Latviya,1967,0.1
2016,Latviya,1566,0.07
2017,Latviya,1796,0.07
2018,Latviya,2433,0.09
2019,Latviya,2469,0.08
2020,Latviya,263,0.03
2021,Latviya,309,0.04
2022,Latviya,1095,0.07
2023,Latviya,2298,0.11
2024,Latviya,2747,0.1
2008,Litva,1063,0.06
2009,Litva,1133,0.06
2010,Litva,1372,0.07
2011,Litva,1557,0.07
2012,Litva,1698,0.07
2013,Litva,1797,0.07
2014,Litva,1743,0.08
2015,Litva,1621,0.08
2016,Litva,1344,0.06
2017,Litva,1708,0.06
2018,Litva,1903,0.07
2019,Litva,2480,0.08
2020,Litva,269,0.03
2021,Litva,474,0.06
2022,Litva,1403,0.09
2023,Litva,3033,0.15
2024,Litva,3604,0.14
2008,Livan,239,0.01
2009,Livan,282,0.02
2010,Livan,270,0.01
2011,Livan,308,0.01
2012,Livan,363,0.01
2013,Livan,382,0.02
2014,Livan,438,0.02
2015,Livan,446,0.02
2016,Livan,492,0.02
2017,Livan,686,0.03
2018,Livan,890,0.03
2019,Livan,1237,0.04
2020,Livan,239,0.03
2021,Livan,305,0.04
2022,Livan,757,0.05
2023,Livan,1002,0.05
2024,Livan,1482,0.06
2008,Liviya Ərəb Cumhuriyyəti,45,0.0
2009,Liviya Ərəb Cumhuriyyəti,38,0.0
2010,Liviya Ərəb Cumhuriyyəti,36,0.0
2011,Liviya Ərəb Cumhuriyyəti,27,0.0
2012,Liviya Ərəb Cumhuriyyəti,54,0.0
2013,Liviya Ərəb Cumhuriyyəti,163,0.01
2014,Liviya Ərəb Cumhuriyyəti,160,0.01
2015,Liviya Ərəb Cumhuriyyəti,102,0.01
2016,Liviya Ərəb Cumhuriyyəti,128,0.01
2017,Liviya Ərəb Cumhuriyyəti,225,0.01
2018,Liviya Ərəb Cumhuriyyəti,148,0.01
2019,Liviya Ərəb Cumhuriyyəti,267,0.01
2020,Liviya Ərəb Cumhuriyyəti,47,0.01
2021,Liviya Ərəb Cumhuriyyəti,58,0.01
2022,Liviya Ərəb Cumhuriyyəti,81,0.01
2023,Liviya Ərəb Cumhuriyyəti,247,0.01
2024,Liviya Ərəb Cumhuriyyəti,236,0.01
2008,Lüksemburq,154,0.01
2009,Lüksemburq,527,0.03
2010,Lüksemburq,378,0.02
2011,Lüksemburq,316,0.01
2012,Lüksemburq,460,0.02
2013,Lüksemburq,498,0.02
2014,Lüksemburq,413,0.02
2015,Lüksemburq,490,0.02
2016,Lüksemburq,322,0.01
2017,Lüksemburq,303,0.01
2018,Lüksemburq,345,0.01
2019,Lüksemburq,362,0.01
2020,Lüksemburq,162,0.02
2021,Lüksemburq,249,0.03
2022,Lüksemburq,381,0.02
2023,Lüksemburq,328,0.02
2024,Lüksemburq,447,0.02
2008,Macarıstan,510,0.03
2009,Macarıstan,597,0.03
2010,Macarıstan,737,0.04
2011,Macarıstan,910,0.04
2012,Macarıstan,950,0.04
2013,Macarıstan,1825,0.07
2014,Macarıstan,2536,0.11
2015,Macarıstan,1650,0.08
2016,Macarıstan,1747,0.08
2017,Macarıstan,2256,0.08
2018,Macarıstan,2516,0.09
2019,Macarıstan,3361,0.11
2020,Macarıstan,406,0.05
2021,Macarıstan,611,0.08
2022,Macarıstan,1510,0.09
2023,Macarıstan,3083,0.15
2024,Macarıstan,3901,0.15
2008,Şimali Makedoniya,254,0.01
2009,Şimali Makedoniya,175,0.01
2010,Şimali Makedoniya,292,0.01
2011,Şimali Makedoniya,221,0.01
2012,Şimali Makedoniya,301,0.01
2013,Şimali Makedoniya,298,0.01
2014,Şimali Makedoniya,283,0.01
2015,Şimali Makedoniya,269,0.01
2016,Şimali Makedoniya,278,0.01
2017,Şimali Makedoniya,262,0.01
2018,Şimali Makedoniya,325,0.01
2019,Şimali Makedoniya,356,0.01
2020,Şimali Makedoniya,130,0.02
2021,Şimali Makedoniya,93,0.01
2022,Şimali Makedoniya,172,0.01
2023,Şimali Makedoniya,291,0.01
2024,Şimali Makedoniya,351,0.01
2008,Malayziya,802,0.04
2009,Malayziya,603,0.03
2010,Malayziya,550,0.03
2011,Malayziya,402,0.02
2012,Malayziya,805,0.03
2013,Malayziya,2058,0.08
2014,Malayziya,2161,0.09
2015,Malayziya,1077,0.05
2016,Malayziya,1337,0.06
2017,Malayziya,1611,0.06
2018,Malayziya,1484,0.05
2019,Malayziya,2299,0.07
2020,Malayziya,530,0.07
2021,Malayziya,523,0.07
2022,Malayziya,1053,0.07
2023,Malayziya,2669,0.13
2024,Malayziya,2676,0.1
2008,Malta,37,0.0
2009,Malta,30,0.0
2010,Malta,61,0.0
2011,Malta,68,0.0
2012,Malta,84,0.0
2013,Malta,114,0.0
2014,Malta,153,0.01
2015,Malta,270,0.01
2016,Malta,120,0.01
2017,Malta,124,0.0
2018,Malta,174,0.01
2019,Malta,187,0.01
2020,Malta,24,0.0
2021,Malta,42,0.01
2022,Malta,111,0.01
2023,Malta,251,0.01
2024,Malta,327,0.01
2008,Mərakeş,123,0.01
2009,Mərakeş,196,0.01
2010,Mərakeş,155,0.01
2011,Mərakeş,183,0.01
2012,Mərakeş,158,0.01
2013,Mərakeş,250,0.01
2014,Mərakeş,264,0.01
2015,Mərakeş,255,0.01
2016,Mərakeş,338,0.02
2017,Mərakeş,949,0.04
2018,Mərakeş,1127,0.04
2019,Mərakeş,1465,0.05
2020,Mərakeş,310,0.04
2021,Mərakeş,363,0.05
2022,Mərakeş,1330,0.08
2023,Mərakeş,1739,0.08
2024,Mərakeş,3310,0.13
2008,Misir,541,0.03
2009,Misir,407,0.02
2010,Misir,559,0.03
2011,Misir,663,0.03
2012,Misir,955,0.04
2013,Misir,963,0.04
2014,Misir,786,0.03
2015,Misir,928,0.05
2016,Misir,1409,0.06
2017,Misir,2148,0.08
2018,Misir,3711,0.13
2019,Misir,5775,0.18
2020,Misir,1134,0.14
2021,Misir,1169,0.15
2022,Misir,3954,0.25
2023,Misir,7382,0.35
2024,Misir,8651,0.33
2008,Moldova,1705,0.09
2009,Moldova,4289,0.23
2010,Moldova,3645,0.19
2011,Moldova,3753,0.17
2012,Moldova,4375,0.18
2013,Moldova,4448,0.18
2014,Moldova,5843,0.25
2015,Moldova,5183,0.26
2016,Moldova,3735,0.17
2017,Moldova,3628,0.13
2018,Moldova,3574,0.13
2019,Moldova,3403,0.11
2020,Moldova,868,0.11
2021,Moldova,656,0.08
2022,Moldova,2950,0.18
2023,Moldova,4372,0.21
2024,Moldova,4887,0.19
2008,Niderland,2180,0.11
2009,Niderland,2595,0.14
2010,Niderland,2689,0.14
2011,Niderland,3026,0.14
2012,Niderland,3970,0.16
2013,Niderland,4036,0.16
2014,Niderland,4425,0.19
2015,Niderland,4714,0.23
2016,Niderland,3764,0.17
2017,Niderland,4703,0.17
2018,Niderland,5892,0.21
2019,Niderland,6104,0.19
2020,Niderland,1143,0.14
2021,Niderland,1741,0.22
2022,Niderland,3807,0.24
2023,Niderland,4798,0.23
2024,Niderland,6097,0.23
2008,Nigeriya,209,0.01
2009,Nigeriya,218,0.01
2010,Nigeriya,223,0.01
2011,Nigeriya,178,0.01
2012,Nigeriya,263,0.01
2013,Nigeriya,249,0.01
2014,Nigeriya,250,0.01
2015,Nigeriya,283,0.01
2016,Nigeriya,354,0.02
2017,Nigeriya,243,0.01
2018,Nigeriya,350,0.01
2019,Nigeriya,783,0.02
2020,Nigeriya,224,0.03
2021,Nigeriya,246,0.03
2022,Nigeriya,596,0.04
2023,Nigeriya,715,0.03
2024,Nigeriya,1381,0.05
2008,Norveç,2300,0.12
2009,Norveç,1921,0.1
2010,Norveç,2054,0.1
2011,Norveç,1874,0.08
2012,Norveç,1981,0.08
2013,Norveç,2024,0.08
2014,Norveç,2056,0.09
2015,Norveç,1932,0.1
2016,Norveç,1937,0.09
2017,Norveç,2054,0.08
2018,Norveç,2364,0.08
2019,Norveç,2658,0.08
2020,Norveç,447,0.06
2021,Norveç,507,0.06
2022,Norveç,1435,0.09
2023,Norveç,1698,0.08
2024,Norveç,2054,0.08
2019,Oman,18229,0.57
2020,Oman,2431,0.31
2021,Oman,910,0.11
2022,Oman,18527,1.16
2023,Oman,17046,0.82
2024,Oman,24144,0.92
2008,Özbəkistan,8107,0.43
2009,Özbəkistan,7067,0.39
2010,Özbəkistan,11879,0.61
2011,Özbəkistan,14513,0.65
2012,Özbəkistan,18417,0.74
2013,Özbəkistan,18627,0.74
2014,Özbəkistan,19336,0.84
2015,Özbəkistan,15185,0.76
2016,Özbəkistan,16093,0.72
2017,Özbəkistan,18795,0.7
2018,Özbəkistan,18306,0.64
2019,Özbəkistan,23507,0.74
2020,Özbəkistan,5283,0.66
2021,Özbəkistan,4213,0.53
2022,Özbəkistan,26301,1.64
2023,Özbəkistan,39655,1.9
2024,Özbəkistan,46391,1.77
2008,Pakistan,2738,0.14
2009,Pakistan,5416,0.3
2010,Pakistan,1949,0.1
2011,Pakistan,1743,0.08
2012,Pakistan,1675,0.07
2013,Pakistan,1767,0.07
2014,Pakistan,1817,0.08
2015,Pakistan,2193,0.11
2016,Pakistan,3998,0.18
2017,Pakistan,17579,0.65
2018,Pakistan,41307,1.45
2019,Pakistan,46602,1.47
2020,Pakistan,7773,0.98
2021,Pakistan,2948,0.37
2022,Pakistan,51691,3.23
2023,Pakistan,55148,2.64
2024,Pakistan,80919,3.08
2008,Polşa,1830,0.1
2009,Polşa,1699,0.09
2010,Polşa,2455,0.13
2011,Polşa,2224,0.1
2012,Polşa,3168,0.13
2013,Polşa,3716,0.15
2014,Polşa,4209,0.18
2015,Polşa,3473,0.17
2016,Polşa,3014,0.13
2017,Polşa,4683,0.17
2018,Polşa,5049,0.18
2019,Polşa,6617,0.21
2020,Polşa,664,0.08
2021,Polşa,723,0.09
2022,Polşa,4125,0.26
2023,Polşa,7505,0.36
2024,Polşa,10284,0.39
2008,Portuqaliya,867,0.05
2009,Portuqaliya,976,0.05
2010,Portuqaliya,948,0.05
2011,Portuqaliya,414,0.02
2012,Portuqaliya,512,0.02
2013,Portuqaliya,773,0.03
2014,Portuqaliya,735,0.03
2015,Portuqaliya,983,0.05
2016,Portuqaliya,872,0.04
2017,Portuqaliya,990,0.04
2018,Portuqaliya,1324,0.05
2019,Portuqaliya,1768,0.06
2020,Portuqaliya,166,0.02
2021,Portuqaliya,597,0.08
2022,Portuqaliya,906,0.06
2023,Portuqaliya,1487,0.07
2024,Portuqaliya,2739,0.1
2008,Qatar,89,0.0
2009,Qatar,131,0.01
2010,Qatar,83,0.0
2011,Qatar,123,0.01
2012,Qatar,470,0.02
2013,Qatar,309,0.01
2014,Qatar,292,0.01
2015,Qatar,599,0.03
2016,Qatar,3323,0.15
2017,Qatar,7896,0.29
2018,Qatar,12461,0.44
2019,Qatar,10472,0.33
2020,Qatar,1567,0.2
2021,Qatar,1912,0.24
2022,Qatar,3411,0.21
2023,Qatar,3552,0.17
2024,Qatar,3369,0.13
2008,Qazaxıstan,15335,0.81
2009,Qazaxıstan,16048,0.88
2010,Qazaxıstan,19209,0.98
2011,Qazaxıstan,28225,1.26
2012,Qazaxıstan,25295,1.02
2013,Qazaxıstan,28226,1.13
2014,Qazaxıstan,29468,1.28
2015,Qazaxıstan,27145,1.35
2016,Qazaxıstan,31994,1.42
2017,Qazaxıstan,36360,1.35
2018,Qazaxıstan,37824,1.33
2019,Qazaxıstan,47551,1.5
2020,Qazaxıstan,8498,1.07
2021,Qazaxıstan,6928,0.88
2022,Qazaxıstan,30350,1.89
2023,Qazaxıstan,58062,2.78
2024,Qazaxıstan,86302,3.29
2008,Qırğızıstan,1850,0.1
2009,Qırğızıstan,1921,0.1
2010,Qırğızıstan,2279,0.12
2011,Qırğızıstan,2337,0.1
2012,Qırğızıstan,2905,0.12
2013,Qırğızıstan,2594,0.1
2014,Qırğızıstan,2556,0.11
2015,Qırğızıstan,2490,0.12
2016,Qırğızıstan,2705,0.12
2017,Qırğızıstan,2865,0.11
2018,Qırğızıstan,3226,0.11
2019,Qırğızıstan,4468,0.14
2020,Qırğızıstan,859,0.11
2021,Qırğızıstan,838,0.11
2022,Qırğızıstan,3240,0.2
2023,Qırğızıstan,5828,0.28
2024,Qırğızıstan,8716,0.33
2008,Rumıniya,885,0.05
2009,Rumıniya,1039,0.06
2010,Rumıniya,1296,0.07
2011,Rumıniya,1417,0.06
2012,Rumıniya,1678,0.07
2013,Rumıniya,2053,0.08
2014,Rumıniya,2052,0.09
2015,Rumıniya,1967,0.1
2016,Rumıniya,1427,0.06
2017,Rumıniya,1735,0.06
2018,Rumıniya,1601,0.06
2019,Rumıniya,2644,0.08
2020,Rumıniya,404,0.05
2021,Rumıniya,463,0.06
2022,Rumıniya,988,0.06
2023,Rumıniya,2206,0.11
2024,Rumıniya,3505,0.13
2008,Rusiya Federasiyası,630860,33.22
2009,Rusiya Federasiyası,598894,32.72
2010,Rusiya Federasiyası,701110,35.72
2011,Rusiya Federasiyası,786684,35.13
2012,Rusiya Federasiyası,876013,35.27
2013,Rusiya Federasiyası,903242,36.0
2014,Rusiya Federasiyası,843851,36.72
2015,Rusiya Federasiyası,685555,34.17
2016,Rusiya Federasiyası,744125,33.09
2017,Rusiya Federasiyası,854331,31.68
2018,Rusiya Federasiyası,880029,30.88
2019,Rusiya Federasiyası,932984,29.43
2020,Rusiya Federasiyası,225201,28.3
2021,Rusiya Federasiyası,258315,32.63
2022,Rusiya Federasiyası,446712,27.88
2023,Rusiya Federasiyası,624753,29.95
2024,Rusiya Federasiyası,730971,27.83
2010,Serbiya,655,0.03
2011,Serbiya,907,0.04
2012,Serbiya,1589,0.06
2013,Serbiya,1407,0.06
2014,Serbiya,1573,0.07
2015,Serbiya,1784,0.09
2016,Serbiya,1048,0.05
2017,Serbiya,1198,0.04
2018,Serbiya,1137,0.04
2019,Serbiya,1339,0.04
2020,Serbiya,343,0.04
2021,Serbiya,504,0.06
2022,Serbiya,722,0.05
2023,Serbiya,1393,0.07
2024,Serbiya,2125,0.08
2008,Səudiyyə Ərəbistanı,416,0.02
2009,Səudiyyə Ərəbistanı,290,0.02
2010,Səudiyyə Ərəbistanı,312,0.02
2011,Səudiyyə Ərəbistanı,284,0.01
2012,Səudiyyə Ərəbistanı,380,0.02
2013,Səudiyyə Ərəbistanı,479,0.02
2014,Səudiyyə Ərəbistanı,507,0.02
2015,Səudiyyə Ərəbistanı,727,0.04
2016,Səudiyyə Ərəbistanı,7463,0.33
2017,Səudiyyə Ərəbistanı,33312,1.24
2018,Səudiyyə Ərəbistanı,73284,2.57
2019,Səudiyyə Ərəbistanı,107230,3.38
2020,Səudiyyə Ərəbistanı,11945,1.5
2021,Səudiyyə Ərəbistanı,8834,1.12
2022,Səudiyyə Ərəbistanı,96233,6.01
2023,Səudiyyə Ərəbistanı,80675,3.87
2024,Səudiyyə Ərəbistanı,98113,3.74
2008,Sinqapur,254,0.01
2009,Sinqapur,246,0.01
2010,Sinqapur,316,0.02
2011,Sinqapur,203,0.01
2012,Sinqapur,315,0.01
2013,Sinqapur,429,0.02
2014,Sinqapur,501,0.02
2015,Sinqapur,630,0.03
2016,Sinqapur,860,0.04
2017,Sinqapur,858,0.03
2018,Sinqapur,1033,0.04
2019,Sinqapur,1554,0.05
2020,Sinqapur,140,0.02
2021,Sinqapur,64,0.01
2022,Sinqapur,403,0.03
2023,Sinqapur,840,0.04
2024,Sinqapur,1745,0.07
2008,Slovakiya,405,0.02
2009,Slovakiya,511,0.03
2010,Slovakiya,518,0.03
2011,Slovakiya,445,0.02
2012,Slovakiya,622,0.03
2013,Slovakiya,659,0.03
2014,Slovakiya,783,0.03
2015,Slovakiya,1111,0.06
2016,Slovakiya,797,0.04
2017,Slovakiya,1404,0.05
2018,Slovakiya,1454,0.05
2019,Slovakiya,1980,0.06
2020,Slovakiya,194,0.02
2021,Slovakiya,251,0.03
2022,Slovakiya,920,0.06
2023,Slovakiya,1299,0.06
2024,Slovakiya,2133,0.08
2008,Sloveniya,247,0.01
2009,Sloveniya,254,0.01
2010,Sloveniya,237,0.01
2011,Sloveniya,265,0.01
2012,Sloveniya,491,0.02
2013,Sloveniya,675,0.03
2014,Sloveniya,646,0.03
2015,Sloveniya,701,0.03
2016,Sloveniya,611,0.03
2017,Sloveniya,623,0.02
2018,Sloveniya,586,0.02
2019,Sloveniya,772,0.02
2020,Sloveniya,131,0.02
2021,Sloveniya,152,0.02
2022,Sloveniya,352,0.02
2023,Sloveniya,598,0.03
2024,Sloveniya,675,0.03
2008,Suriya,375,0.02
2009,Suriya,492,0.03
2010,Suriya,390,0.02
2011,Suriya,426,0.02
2012,Suriya,414,0.02
2013,Suriya,375,0.01
2014,Suriya,313,0.01
2015,Suriya,328,0.02
2016,Suriya,654,0.03
2017,Suriya,1625,0.06
2018,Suriya,4811,0.17
2019,Suriya,4389,0.14
2020,Suriya,534,0.07
2021,Suriya,944,0.12
2022,Suriya,3702,0.23
2023,Suriya,481,0.02
2024,Suriya,402,0.02
2008,Tacikistan,703,0.04
2009,Tacikistan,675,0.04
2010,Tacikistan,742,0.04
2011,Tacikistan,1009,0.05
2012,Tacikistan,1264,0.05
2013,Tacikistan,1515,0.06
2014,Tacikistan,1285,0.06
2015,Tacikistan,1224,0.06
2016,Tacikistan,1541,0.07
2017,Tacikistan,2434,0.09
2018,Tacikistan,2246,0.08
2019,Tacikistan,3453,0.11
2020,Tacikistan,1483,0.19
2021,Tacikistan,819,0.1
2022,Tacikistan,2733,0.17
2023,Tacikistan,5008,0.24
2024,Tacikistan,6094,0.23
2008,Tayland,309,0.02
2009,Tayland,245,0.01
2010,Tayland,298,0.02
2011,Tayland,207,0.01
2012,Tayland,386,0.02
2013,Tayland,481,0.02
2014,Tayland,324,0.01
2015,Tayland,374,0.02
2016,Tayland,550,0.02
2017,Tayland,604,0.02
2018,Tayland,630,0.02
2019,Tayland,1388,0.04
2020,Tayland,220,0.03
2021,Tayland,56,0.01
2022,Tayland,330,0.02
2023,Tayland,699,0.03
2024,Tayland,963,0.04
2008,Trinidad və Tobaqo,168,0.01
2009,Trinidad və Tobaqo,253,0.01
2010,Trinidad və Tobaqo,274,0.01
2011,Trinidad və Tobaqo,336,0.02
2012,Trinidad və Tobaqo,276,0.01
2013,Trinidad və Tobaqo,340,0.01
2014,Trinidad və Tobaqo,329,0.01
2015,Trinidad və Tobaqo,282,0.01
2016,Trinidad və Tobaqo,226,0.01
2017,Trinidad və Tobaqo,162,0.01
2018,Trinidad və Tobaqo,171,0.01
2019,Trinidad və Tobaqo,248,0.01
2020,Trinidad və Tobaqo,51,0.01
2021,Trinidad və Tobaqo,46,0.01
2022,Trinidad və Tobaqo,81,0.01
2023,Trinidad və Tobaqo,123,0.01
2024,Trinidad və Tobaqo,179,0.01
2008,Türkiyə,157827,8.31
2009,Türkiyə,177308,9.69
2010,Türkiyə,214594,10.93
2011,Türkiyə,242606,10.83
2012,Türkiyə,295549,11.9
2013,Türkiyə,361413,14.41
2014,Türkiyə,314476,13.69
2015,Türkiyə,288620,14.39
2016,Türkiyə,313341,13.93
2017,Türkiyə,301924,11.2
2018,Türkiyə,291499,10.23
2019,Türkiyə,316628,9.99
2020,Türkiyə,160504,20.17
2021,Türkiyə,197907,25.0
2022,Türkiyə,311804,19.46
2023,Türkiyə,378045,18.12
2024,Türkiyə,426132,16.22
2008,Türkmənistan,5155,0.27
2009,Türkmənistan,3687,0.2
2010,Türkmənistan,4072,0.21
2011,Türkmənistan,3969,0.18
2012,Türkmənistan,4906,0.2
2013,Türkmənistan,4766,0.19
2014,Türkmənistan,5398,0.23
2015,Türkmənistan,6800,0.34
2016,Türkmənistan,7637,0.34
2017,Türkmənistan,17101,0.63
2018,Türkmənistan,28305,0.99
2019,Türkmənistan,52127,1.64
2020,Türkmənistan,8257,1.04
2021,Türkmənistan,2738,0.35
2022,Türkmənistan,11188,0.7
2023,Türkmənistan,26010,1.25
2024,Türkmənistan,33020,1.26
2008,Ukrayna,28420,1.5
2009,Ukrayna,28606,1.56
2010,Ukrayna,31500,1.6
2011,Ukrayna,40030,1.79
2012,Ukrayna,42393,1.71
2013,Ukrayna,51802,2.06
2014,Ukrayna,58201,2.53
2015,Ukrayna,55119,2.75
2016,Ukrayna,55508,2.47
2017,Ukrayna,57818,2.14
2018,Ukrayna,57707,2.03
2019,Ukrayna,59116,1.86
2020,Ukrayna,16953,2.13
2021,Ukrayna,17428,2.2
2022,Ukrayna,27741,1.73
2023,Ukrayna,31267,1.5
2024,Ukrayna,36144,1.38
2008,Venesuela,150,0.01
2009,Venesuela,209,0.01
2010,Venesuela,187,0.01
2011,Venesuela,174,0.01
2012,Venesuela,125,0.01
2013,Venesuela,203,0.01
2014,Venesuela,248,0.01
2015,Venesuela,288,0.01
2016,Venesuela,436,0.02
2017,Venesuela,287,0.01
2018,Venesuela,301,0.01
2019,Venesuela,409,0.01
2020,Venesuela,51,0.01
2021,Venesuela,83,0.01
2022,Venesuela,328,0.02
2023,Venesuela,227,0.01
2024,Venesuela,179,0.01
2008,Vyetnam,53,0.0
2009,Vyetnam,95,0.01
2010,Vyetnam,178,0.01
2011,Vyetnam,252,0.01
2012,Vyetnam,309,0.01
2013,Vyetnam,203,0.01
2014,Vyetnam,184,0.01
2015,Vyetnam,459,0.02
2016,Vyetnam,146,0.01
2017,Vyetnam,248,0.01
2018,Vyetnam,322,0.01
2019,Vyetnam,728,0.02
2020,Vyetnam,35,0.0
2021,Vyetnam,14,0.0
2022,Vyetnam,146,0.01
2023,Vyetnam,402,0.02
2024,Vyetnam,579,0.02
2008,Xorvatiya,519,0.03
2009,Xorvatiya,415,0.02
2010,Xorvatiya,497,0.03
2011,Xorvatiya,730,0.03
2012,Xorvatiya,1092,0.04
2013,Xorvatiya,1126,0.04
2014,Xorvatiya,1326,0.06
2015,Xorvatiya,1635,0.08
2016,Xorvatiya,1185,0.05
2017,Xorvatiya,1126,0.04
2018,Xorvatiya,1053,0.04
2019,Xorvatiya,1866,0.06
2020,Xorvatiya,558,0.07
2021,Xorvatiya,660,0.08
2022,Xorvatiya,883,0.06
2023,Xorvatiya,1051,0.05
2024,Xorvatiya,1344,0.05
2008,Yaponiya,1434,0.08
2009,Yaponiya,1076,0.06
2010,Yaponiya,1809,0.09
2011,Yaponiya,2098,0.09
2012,Yaponiya,2230,0.09
2013,Yaponiya,2471,0.1
2014,Yaponiya,2607,0.11
2015,Yaponiya,3277,0.16
2016,Yaponiya,3383,0.15
2017,Yaponiya,4347,0.16
2018,Yaponiya,5539,0.19
2019,Yaponiya,6143,0.19
2020,Yaponiya,604,0.08
2021,Yaponiya,398,0.05
2022,Yaponiya,1025,0.06
2023,Yaponiya,2321,0.11
2024,Yaponiya,3816,0.15
2008,Yeni Zelandiya,380,0.02
2009,Yeni Zelandiya,281,0.02
2010,Yeni Zelandiya,297,0.02
2011,Yeni Zelandiya,356,0.02
2012,Yeni Zelandiya,449,0.02
2013,Yeni Zelandiya,492,0.02
2014,Yeni Zelandiya,450,0.02
2015,Yeni Zelandiya,520,0.03
2016,Yeni Zelandiya,480,0.02
2017,Yeni Zelandiya,473,0.02
2018,Yeni Zelandiya,869,0.03
2019,Yeni Zelandiya,813,0.03
2020,Yeni Zelandiya,169,0.02
2021,Yeni Zelandiya,113,0.01
2022,Yeni Zelandiya,344,0.02
2023,Yeni Zelandiya,531,0.03
2024,Yeni Zelandiya,825,0.03
2008,Yunanıstan,680,0.04
2009,Yunanıstan,736,0.04
2010,Yunanıstan,729,0.04
2011,Yunanıstan,832,0.04
2012,Yunanıstan,1213,0.05
2013,Yunanıstan,1320,0.05
2014,Yunanıstan,1712,0.07
2015,Yunanıstan,2112,0.11
2016,Yunanıstan,1276,0.06
2017,Yunanıstan,1464,0.05
2018,Yunanıstan,1519,0.05
2019,Yunanıstan,1956,0.06
2020,Yunanıstan,325,0.04
2021,Yunanıstan,345,0.04
2022,Yunanıstan,715,0.04
2023,Yunanıstan,1530,0.07
2024,Yunanıstan,1948,0.07
2008,Digər ölkələr,5142,0.27
2009,Digər ölkələr,4852,0.27
2010,Digər ölkələr,4195,0.21
2011,Digər ölkələr,4333,0.19
2012,Digər ölkələr,5281,0.21
2013,Digər ölkələr,4941,0.2
2014,Digər ölkələr,5199,0.23
2015,Digər ölkələr,5414,0.27
2016,Digər ölkələr,10499,0.47
2017,Digər ölkələr,35594,1.32
2018,Digər ölkələr,44253,1.55
2019,Digər ölkələr,22090,0.7
2020,Digər ölkələr,3000,0.38
2021,Digər ölkələr,3617,0.46
2022,Digər ölkələr,13109,0.82
2023,Digər ölkələr,20658,0.99
2024,Digər ölkələr,30050,1.14
