year,category,value_thousands,value
2006,Ümumi,6096.5,6096500
2007,Ümumi,5874.5,5874500
2008,Ümumi,8041.9,8041900
2009,Ümumi,8345.4,8345400
2010,Ümumi,10210.3,10210300
2011,Ümumi,11504.3,11504300
2012,Ümumi,12679.0,12679000
2013,Ümumi,13578.6,13578600
2014,Ümumi,13077.2,13077200
2015,Ümumi,12192.0,12192000
2016,Ümumi,13000.8,13000800
2017,Ümumi,13563.1,13563100
2018,Ümumi,15504.3,15504300
2019,Ümumi,17464.3,17464300
2020,Ümumi,4028.3,4028300
2021,Ümumi,3432.4,3432400
2022,Ümumi,6131.6,6131600
2023,Ümumi,7860.4,7860400
2024,Ümumi,9544.9,9544900
2006,Azərbaycan vətəndaşları,3576.0,3576000
2007,Azərbaycan vətəndaşları,3231.6,3231600
2008,Azərbaycan vətəndaşları,4259.8,4259800
2009,Azərbaycan vətəndaşları,4690.7,4690700
2010,Azərbaycan vətəndaşları,6291.7,6291700
2011,Azərbaycan vətəndaşları,7049.8,7049800
2012,Azərbaycan vətəndaşları,7716.9,7716900
2013,Azərbaycan vətəndaşları,8560.4,8560400
2014,Azərbaycan vətəndaşları,8478.1,8478100
2015,Azərbaycan vətəndaşları,8165.7,8165700
2016,Azərbaycan vətəndaşları,8502.3,8502300
2017,Azərbaycan vətəndaşları,8174.2,8174200
2018,Azərbaycan vətəndaşları,9799.3,9799300
2019,Azərbaycan vətəndaşları,11130.0,11130000
2020,Azərbaycan vətəndaşları,2384.0,2384000
2021,Azərbaycan vətəndaşları,1882.4,1882400
2022,Azərbaycan vətəndaşları,2964.1,2964100
2023,Azərbaycan vətəndaşları,3691.1,3691100
2024,Azərbaycan vətəndaşları,4297.2,4297200
2006,Əcnəbilər və vətəndaşlığı olmayan şəxslər,2520.5,2520500
2007,Əcnəbilər və vətəndaşlığı olmayan şəxslər,2642.9,2642900
2008,Əcnəbilər və vətəndaşlığı olmayan şəxslər,3782.1,3782100
2009,Əcnəbilər və vətəndaşlığı olmayan şəxslər,3654.7,3654700
2010,Əcnəbilər və vətəndaşlığı olmayan şəxslər,3918.6,3918600
2011,Əcnəbilər və vətəndaşlığı olmayan şəxslər,4454.5,4454500
2012,Əcnəbilər və vətəndaşlığı olmayan şəxslər,4962.1,4962100
2013,Əcnəbilər və vətəndaşlığı olmayan şəxslər,5018.2,5018200
2014,Əcnəbilər və vətəndaşlığı olmayan şəxslər,4599.1,4599100
2015,Əcnəbilər və vətəndaşlığı olmayan şəxslər,4026.3,4026300
2016,Əcnəbilər və vətəndaşlığı olmayan şəxslər,4498.5,4498500
2017,Əcnəbilər və vətəndaşlığı olmayan şəxslər,5388.9,5388900
2018,Əcnəbilər və vətəndaşlığı olmayan şəxslər,5705.0,5705000
2019,Əcnəbilər və vətəndaşlığı olmayan şəxslər,6334.3,6334300
2020,Əcnəbilər və vətəndaşlığı olmayan şəxslər,1644.3,1644300
2021,Əcnəbilər və vətəndaşlığı olmayan şəxslər,1550.0,1550000
2022,Əcnəbilər və vətəndaşlığı olmayan şəxslər,3167.5,3167500
2023,Əcnəbilər və vətəndaşlığı olmayan şəxslər,4169.3,4169300
2024,Əcnəbilər və vətəndaşlığı olmayan şəxslər,5247.7,5247700
2006,Daxil olanlar (ümumi),3002.0,3002000
2007,Daxil olanlar (ümumi),2933.0,2933000
2008,Daxil olanlar (ümumi),3996.4,3996400
2009,Daxil olanlar (ümumi),4158.6,4158600
2010,Daxil olanlar (ümumi),5079.0,5079000
2011,Daxil olanlar (ümumi),5738.7,5738700
2012,Daxil olanlar (ümumi),6326.6,6326600
2013,Daxil olanlar (ümumi),6784.6,6784600
2014,Daxil olanlar (ümumi),6531.6,6531600
2015,Daxil olanlar (ümumi),6076.1,6076100
2016,Daxil olanlar (ümumi),6469.3,6469300
2017,Daxil olanlar (ümumi),6762.0,6762000
2018,Daxil olanlar (ümumi),7740.8,7740800
2019,Daxil olanlar (ümumi),8732.7,8732700
2020,Daxil olanlar (ümumi),2015.1,2015100
2021,Daxil olanlar (ümumi),1699.7,1699700
2022,Daxil olanlar (ümumi),3076.9,3076900
2023,Daxil olanlar (ümumi),3908.1,3908100
2024,Daxil olanlar (ümumi),4765.0,4765000
2006,Daxil olanlar (Azərbaycan vətəndaşları),1740.0,1740000
2007,Daxil olanlar (Azərbaycan vətəndaşları),1600.3,1600300
2008,Daxil olanlar (Azərbaycan vətəndaşları),2097.5,2097500
2009,Daxil olanlar (Azərbaycan vətəndaşları),2328.2,2328200
2010,Daxil olanlar (Azərbaycan vətəndaşları),3116.1,3116100
2011,Daxil olanlar (Azərbaycan vətəndaşları),3499.5,3499500
2012,Daxil olanlar (Azərbaycan vətəndaşları),3842.5,3842500
2013,Daxil olanlar (Azərbaycan vətəndaşları),4275.7,4275700
2014,Daxil olanlar (Azərbaycan vətəndaşları),4233.8,4233800
2015,Daxil olanlar (Azərbaycan vətəndaşları),4069.9,4069900
2016,Daxil olanlar (Azərbaycan vətəndaşları),4220.5,4220500
2017,Daxil olanlar (Azərbaycan vətəndaşları),4065.3,4065300
2018,Daxil olanlar (Azərbaycan vətəndaşları),4891.2,4891200
2019,Daxil olanlar (Azərbaycan vətəndaşları),5562.3,5562300
2020,Daxil olanlar (Azərbaycan vətəndaşları),1219.4,1219400
2021,Daxil olanlar (Azərbaycan vətəndaşları),907.9,907900
2022,Daxil olanlar (Azərbaycan vətəndaşları),1474.6,1474600
2023,Daxil olanlar (Azərbaycan vətəndaşları),1822.3,1822300
2024,Daxil olanlar (Azərbaycan vətəndaşları),2138.3,2138300
2006,Daxil olanlar (əcnəbilər),1262.0,1262000
2007,Daxil olanlar (əcnəbilər),1332.7,1332700
2008,Daxil olanlar (əcnəbilər),1898.9,1898900
2009,Daxil olanlar (əcnəbilər),1830.4,1830400
2010,Daxil olanlar (əcnəbilər),1962.9,1962900
2011,Daxil olanlar (əcnəbilər),2239.2,2239200
2012,Daxil olanlar (əcnəbilər),2484.1,2484100
2013,Daxil olanlar (əcnəbilər),2508.9,2508900
2014,Daxil olanlar (əcnəbilər),2297.8,2297800
2015,Daxil olanlar (əcnəbilər),2006.2,2006200
2016,Daxil olanlar (əcnəbilər),2248.8,2248800
2017,Daxil olanlar (əcnəbilər),2696.7,2696700
2018,Daxil olanlar (əcnəbilər),2849.6,2849600
2019,Daxil olanlar (əcnəbilər),3170.4,3170400
2020,Daxil olanlar (əcnəbilər),795.7,795700
2021,Daxil olanlar (əcnəbilər),791.8,791800
2022,Daxil olanlar (əcnəbilər),1602.3,1602300
2023,Daxil olanlar (əcnəbilər),2085.8,2085800
2024,Daxil olanlar (əcnəbilər),2626.7,2626700
2006,Tərk edənlər (ümumi),3094.5,3094500
2007,Tərk edənlər (ümumi),2941.5,2941500
2008,Tərk edənlər (ümumi),4045.5,4045500
2009,Tərk edənlər (ümumi),4186.8,4186800
2010,Tərk edənlər (ümumi),5131.3,5131300
2011,Tərk edənlər (ümumi),5765.6,5765600
2012,Tərk edənlər (ümumi),6352.4,6352400
2013,Tərk edənlər (ümumi),6794.0,6794000
2014,Tərk edənlər (ümumi),6545.6,6545600
2015,Tərk edənlər (ümumi),6115.9,6115900
2016,Tərk edənlər (ümumi),6531.5,6531500
2017,Tərk edənlər (ümumi),6801.1,6801100
2018,Tərk edənlər (ümumi),7763.5,7763500
2019,Tərk edənlər (ümumi),8731.6,8731600
2020,Tərk edənlər (ümumi),2013.2,2013200
2021,Tərk edənlər (ümumi),1732.7,1732700
2022,Tərk edənlər (ümumi),3054.7,3054700
2023,Tərk edənlər (ümumi),3952.3,3952300
2024,Tərk edənlər (ümumi),4779.9,4779900
2006,Tərk edənlər (Azərbaycan vətəndaşları),1835.9,1835900
2007,Tərk edənlər (Azərbaycan vətəndaşları),1631.3,1631300
2008,Tərk edənlər (Azərbaycan vətəndaşları),2162.4,2162400
2009,Tərk edənlər (Azərbaycan vətəndaşları),2362.5,2362500
2010,Tərk edənlər (Azərbaycan vətəndaşları),3175.6,3175600
2011,Tərk edənlər (Azərbaycan vətəndaşları),3550.2,3550200
2012,Tərk edənlər (Azərbaycan vətəndaşları),3874.4,3874400
2013,Tərk edənlər (Azərbaycan vətəndaşları),4284.7,4284700
2014,Tərk edənlər (Azərbaycan vətəndaşları),4244.3,4244300
2015,Tərk edənlər (Azərbaycan vətəndaşları),4095.8,4095800
2016,Tərk edənlər (Azərbaycan vətəndaşları),4281.8,4281800
2017,Tərk edənlər (Azərbaycan vətəndaşları),4108.9,4108900
2018,Tərk edənlər (Azərbaycan vətəndaşları),4908.1,4908100
2019,Tərk edənlər (Azərbaycan vətəndaşları),5567.7,5567700
2020,Tərk edənlər (Azərbaycan vətəndaşları),1164.6,1164600
2021,Tərk edənlər (Azərbaycan vətəndaşları),974.5,974500
2022,Tərk edənlər (Azərbaycan vətəndaşları),1489.5,1489500
2023,Tərk edənlər (Azərbaycan vətəndaşları),1868.7,1868700
2024,Tərk edənlər (Azərbaycan vətəndaşları),2158.9,2158900
2006,Tərk edənlər (əcnəbilər),1258.6,1258600
2007,Tərk edənlər (əcnəbilər),1310.2,1310200
2008,Tərk edənlər (əcnəbilər),1883.1,1883100
2009,Tərk edənlər (əcnəbilər),1824.3,1824300
2010,Tərk edənlər (əcnəbilər),1955.7,1955700
2011,Tərk edənlər (əcnəbilər),2215.4,2215400
2012,Tərk edənlər (əcnəbilər),2478.0,2478000
2013,Tərk edənlər (əcnəbilər),2509.3,2509300
2014,Tərk edənlər (əcnəbilər),2301.3,2301300
2015,Tərk edənlər (əcnəbilər),2020.1,2020100
2016,Tərk edənlər (əcnəbilər),2249.7,2249700
2017,Tərk edənlər (əcnəbilər),2692.2,2692200
2018,Tərk edənlər (əcnəbilər),2855.4,2855400
2019,Tərk edənlər (əcnəbilər),3163.9,3163900
2020,Tərk edənlər (əcnəbilər),848.6,848600
2021,Tərk edənlər (əcnəbilər),758.2,758200
2022,Tərk edənlər (əcnəbilər),1565.2,1565200
2023,Tərk edənlər (əcnəbilər),2083.6,2083600
2024,Tərk edənlər (əcnəbilər),2621.0,2621000
