page_number,section_id,indicator,region_name,year_2018,year_2019,year_2020,year_2021,year_2022,year_2023
40,5.1,Number of hotels and similar establishments (units),Absheron,1.2,1.0,0.4,1.4,1.1,1.2
40,5.1,Number of hotels and similar establishments (units),Agdam,41.7,38.8,10.3,30.4,37.7,39.4
40,5.1,Number of hotels and similar establishments (units),Agdash,1.1,1.0,0.3,0.8,1.1,1.4
40,5.1,Number of hotels and similar establishments (units),Aghjabadi,7.3,6.9,2.8,6.2,8.9,7.9
40,5.1,Number of hotels and similar establishments (units),Agstafa,1.0,1.1,0.3,1.0,1.1,1.2
40,5.1,Number of hotels and similar establishments (units),Agsu,1.0,1.9,0.3,0.8,1.5,1.2
40,5.1,Number of hotels and similar establishments (units),Astara,1.1,1.0,0.3,0.9,1.5,1.3
40,5.1,Number of hotels and similar establishments (units),Babek,1.0,1.0,0.3,0.8,1.1,1.7
40,5.1,Number of hotels and similar establishments (units),Baku,1.2,1.0,0.4,0.8,1.1,1.5
40,5.1,Number of hotels and similar establishments (units),Balakan,1.5,1.5,0.3,0.8,1.3,1.7
40,5.1,Number of hotels and similar establishments (units),Barda,12.4,12.8,3.5,9.1,15.5,17.0
40,5.1,Number of hotels and similar establishments (units),Beylagan,25.8,28.6,8.1,19.4,29.6,34.5
40,5.1,Number of hotels and similar establishments (units),Bilasuvar,1.0,1.8,0.3,1.1,1.1,1.2
40,5.1,Number of hotels and similar establishments (units),Dashkasan,1.0,1.0,0.3,1.0,1.9,1.2
40,5.1,Number of hotels and similar establishments (units),Fuzuli,92.8,95.9,33.1,83.4,105.2,122.1
40,5.1,Number of hotels and similar establishments (units),Gadabay,1.0,1.5,0.3,0.8,1.1,1.2
40,5.1,Number of hotels and similar establishments (units),Ganja,1.1,1.1,0.3,0.8,1.1,1.2
40,5.1,Number of hotels and similar establishments (units),Goranboy,1.0,1.0,0.3,1.0,2.1,1.3
40,5.1,Number of hotels and similar establishments (units),Goychay,1.1,1.0,0.3,0.8,1.1,2.5
40,5.1,Number of hotels and similar establishments (units),Goygol,1.0,1.2,0.3,0.8,1.8,1.6
40,5.1,Number of hotels and similar establishments (units),Hajigabul,1.4,1.0,0.5,0.8,1.4,2.4
40,5.1,Number of hotels and similar establishments (units),Imishli,1.0,1.0,0.3,0.8,1.1,1.2
40,5.1,Number of hotels and similar establishments (units),Ismayilli,1.0,1.2,0.3,1.4,1.1,1.2
40,5.1,Number of hotels and similar establishments (units),Jabrayil,68.1,55.2,19.3,57.0,58.2,73.8
40,5.1,Number of hotels and similar establishments (units),Jalilabad,1.1,1.4,0.3,0.8,1.4,1.3
40,5.1,Number of hotels and similar establishments (units),Julfa,1.1,1.2,0.3,0.9,1.2,1.2
40,5.1,Number of hotels and similar establishments (units),Kalbajar,1.9,1.2,0.3,1.0,1.1,1.6
40,5.1,Number of hotels and similar establishments (units),Kangarli,1.6,1.0,0.4,1.0,1.5,2.2
40,5.1,Number of hotels and similar establishments (units),Khachmaz,1.0,1.0,0.3,0.8,1.1,1.4
40,5.1,Number of hotels and similar establishments (units),Khizi,1.1,1.4,0.3,1.4,1.1,2.8
40,5.1,Number of hotels and similar establishments (units),Khojaly,76.5,65.8,19.3,60.4,77.4,88.7
40,5.1,Number of hotels and similar establishments (units),Kurdamir,1.2,1.0,0.3,0.8,1.1,1.6
40,5.1,Number of hotels and similar establishments (units),Lachin,23.5,20.1,7.0,19.1,23.1,26.9
40,5.1,Number of hotels and similar establishments (units),Lankaran,1.0,1.0,0.4,1.0,1.6,1.7
40,5.1,Number of hotels and similar establishments (units),Lerik,1.0,1.0,0.4,1.0,1.4,3.3
40,5.1,Number of hotels and similar establishments (units),Masally,1.3,1.6,0.4,1.0,1.1,1.6
40,5.1,Number of hotels and similar establishments (units),Mingachevir,1.0,1.0,0.3,0.8,2.4,1.2
40,5.1,Number of hotels and similar establishments (units),Naftalan,16.0,12.6,4.3,13.3,16.6,15.4
40,5.1,Number of hotels and similar establishments (units),Nakhchivan,1.0,1.3,0.3,0.9,1.1,1.2
40,5.1,Number of hotels and similar establishments (units),Neftchala,2.1,1.3,0.3,0.9,1.1,1.6
40,5.1,Number of hotels and similar establishments (units),Oghuz,1.0,1.0,0.4,1.1,1.1,1.2
40,5.1,Number of hotels and similar establishments (units),Ordubad,1.0,1.0,0.6,1.0,1.1,1.7
40,5.1,Number of hotels and similar establishments (units),Qabala,2.1,1.5,0.3,0.8,1.8,1.2
40,5.1,Number of hotels and similar establishments (units),Qakh,1.2,1.4,0.3,0.8,1.1,1.2
40,5.1,Number of hotels and similar establishments (units),Qazakh,1.0,1.0,0.5,0.8,1.1,1.3
40,5.1,Number of hotels and similar establishments (units),Quba,1.7,1.0,0.5,0.8,1.1,1.4
40,5.1,Number of hotels and similar establishments (units),Qubadli,8.2,7.5,2.4,6.2,8.9,9.8
40,5.1,Number of hotels and similar establishments (units),Qusar,1.8,1.0,0.6,0.8,1.1,1.5
40,5.1,Number of hotels and similar establishments (units),Saatly,1.1,1.0,0.3,0.8,1.1,1.6
40,5.1,Number of hotels and similar establishments (units),Sabirabad,1.2,1.0,0.4,1.0,1.5,1.5
40,5.1,Number of hotels and similar establishments (units),Salyan,1.0,1.0,0.4,1.0,1.1,1.3
40,5.1,Number of hotels and similar establishments (units),Samukh,1.6,1.0,0.4,0.8,1.1,1.7
40,5.1,Number of hotels and similar establishments (units),Sedarak,1.4,1.4,0.5,0.8,1.4,1.2
40,5.1,Number of hotels and similar establishments (units),Shabran,1.2,1.0,0.3,1.0,1.1,2.3
40,5.1,Number of hotels and similar establishments (units),Shahbuz,1.0,1.0,0.5,1.1,1.4,1.5
40,5.1,Number of hotels and similar establishments (units),Shaki,1.0,1.0,0.3,0.8,1.6,1.2
40,5.1,Number of hotels and similar establishments (units),Shamakhi,1.0,1.0,0.4,0.8,1.1,1.3
40,5.1,Number of hotels and similar establishments (units),Shamkir,1.1,1.0,0.3,0.9,1.1,1.2
40,5.1,Number of hotels and similar establishments (units),Sharur,1.0,1.0,0.4,1.4,1.5,1.2
40,5.1,Number of hotels and similar establishments (units),Shirvan,1.0,1.0,0.3,0.8,1.3,1.2
40,5.1,Number of hotels and similar establishments (units),Shusha,126.2,138.4,35.6,99.8,141.1,132.5
40,5.1,Number of hotels and similar establishments (units),Siazan,1.1,1.0,0.3,0.8,1.1,1.4
40,5.1,Number of hotels and similar establishments (units),Sumqayit,1.7,1.5,0.6,0.8,1.5,1.3
40,5.1,Number of hotels and similar establishments (units),Tartar,60.9,46.0,13.7,37.6,43.3,54.5
40,5.1,Number of hotels and similar establishments (units),Tovuz,1.0,1.1,0.4,1.5,1.6,1.2
40,5.1,Number of hotels and similar establishments (units),Ujar,1.0,1.2,0.3,1.5,1.8,1.2
40,5.1,Number of hotels and similar establishments (units),Yardimli,1.0,1.7,0.3,1.3,1.1,1.2
40,5.1,Number of hotels and similar establishments (units),Yevlakh,1.0,1.0,0.3,1.0,1.1,1.2
40,5.1,Number of hotels and similar establishments (units),Zangilan,1.1,1.3,0.4,0.8,1.1,1.8
40,5.1,Number of hotels and similar establishments (units),Zaqatala,1.2,1.0,0.5,0.9,1.8,1.2
40,5.1,Number of hotels and similar establishments (units),Zardab,2.0,1.9,0.3,1.2,1.4,2.0
43,5.2,Number of rooms in hotels and similar establishments (units),Absheron,17.7,17.1,16.1,18.8,20.7,19.1
43,5.2,Number of rooms in hotels and similar establishments (units),Agdam,645.6,522.0,558.8,618.8,532.7,582.9
43,5.2,Number of rooms in hotels and similar establishments (units),Agdash,26.7,19.5,26.5,22.6,20.5,22.3
43,5.2,Number of rooms in hotels and similar establishments (units),Aghjabadi,196.7,183.8,207.8,176.8,163.8,168.0
43,5.2,Number of rooms in hotels and similar establishments (units),Agstafa,8.8,8.7,10.8,8.9,9.5,11.8
43,5.2,Number of rooms in hotels and similar establishments (units),Agsu,17.1,14.0,14.1,13.1,13.9,14.6
43,5.2,Number of rooms in hotels and similar establishments (units),Astara,9.2,9.3,10.8,9.7,10.4,11.0
43,5.2,Number of rooms in hotels and similar establishments (units),Babek,16.1,22.1,20.7,16.4,22.7,23.1
43,5.2,Number of rooms in hotels and similar establishments (units),Baku,8.2,10.1,9.9,7.9,8.0,8.6
43,5.2,Number of rooms in hotels and similar establishments (units),Balakan,17.0,15.4,16.0,17.8,13.2,14.6
43,5.2,Number of rooms in hotels and similar establishments (units),Barda,303.0,262.9,265.0,220.5,256.1,265.1
43,5.2,Number of rooms in hotels and similar establishments (units),Beylagan,286.1,299.7,254.7,292.7,278.8,293.4
43,5.2,Number of rooms in hotels and similar establishments (units),Bilasuvar,11.6,10.4,10.8,11.2,10.0,8.4
43,5.2,Number of rooms in hotels and similar establishments (units),Dashkasan,17.7,18.8,16.7,14.6,15.6,16.2
43,5.2,Number of rooms in hotels and similar establishments (units),Fuzuli,1971.3,1806.7,2290.1,1998.1,1715.5,1611.7
43,5.2,Number of rooms in hotels and similar establishments (units),Gadabay,9.5,9.2,9.3,9.7,9.2,12.3
43,5.2,Number of rooms in hotels and similar establishments (units),Ganja,9.5,9.0,11.2,7.9,9.0,11.1
43,5.2,Number of rooms in hotels and similar establishments (units),Goranboy,25.6,20.5,19.7,24.2,26.6,23.2
43,5.2,Number of rooms in hotels and similar establishments (units),Goychay,16.2,19.6,15.5,16.5,17.2,17.8
43,5.2,Number of rooms in hotels and similar establishments (units),Goygol,10.3,12.7,11.1,12.5,10.4,12.0
43,5.2,Number of rooms in hotels and similar establishments (units),Hajigabul,14.0,15.9,14.6,14.1,20.4,15.8
43,5.2,Number of rooms in hotels and similar establishments (units),Imishli,19.6,23.3,24.0,22.6,21.5,21.0
43,5.2,Number of rooms in hotels and similar establishments (units),Ismayilli,16.3,15.8,16.5,11.8,15.2,16.4
43,5.2,Number of rooms in hotels and similar establishments (units),Jabrayil,577.0,765.4,718.9,793.6,597.5,780.6
43,5.2,Number of rooms in hotels and similar establishments (units),Jalilabad,9.9,9.9,12.9,12.2,11.5,10.8
43,5.2,Number of rooms in hotels and similar establishments (units),Julfa,21.9,25.8,22.4,21.8,22.6,21.1
43,5.2,Number of rooms in hotels and similar establishments (units),Kalbajar,20.7,18.5,24.0,19.7,21.1,24.1
43,5.2,Number of rooms in hotels and similar establishments (units),Kangarli,15.8,21.9,19.6,17.4,15.9,20.8
43,5.2,Number of rooms in hotels and similar establishments (units),Khachmaz,18.8,21.5,20.7,16.0,17.1,16.7
43,5.2,Number of rooms in hotels and similar establishments (units),Khizi,16.8,21.2,22.8,23.8,19.3,23.3
43,5.2,Number of rooms in hotels and similar establishments (units),Khojaly,810.0,605.4,682.2,796.0,611.8,634.4
43,5.2,Number of rooms in hotels and similar establishments (units),Kurdamir,22.1,21.4,21.9,20.6,18.3,19.0
43,5.2,Number of rooms in hotels and similar establishments (units),Lachin,296.7,263.5,244.9,251.1,300.6,219.6
43,5.2,Number of rooms in hotels and similar establishments (units),Lankaran,18.0,18.8,14.5,20.6,21.1,18.4
43,5.2,Number of rooms in hotels and similar establishments (units),Lerik,23.2,21.5,17.1,20.4,20.7,19.2
43,5.2,Number of rooms in hotels and similar establishments (units),Masally,24.1,24.0,20.1,17.3,24.5,23.3
43,5.2,Number of rooms in hotels and similar establishments (units),Mingachevir,11.8,11.6,10.2,10.5,9.7,8.3
43,5.2,Number of rooms in hotels and similar establishments (units),Naftalan,230.4,164.8,191.8,197.1,208.5,240.0
43,5.2,Number of rooms in hotels and similar establishments (units),Nakhchivan,13.0,15.2,13.6,12.4,13.6,11.9
43,5.2,Number of rooms in hotels and similar establishments (units),Neftchala,11.0,10.6,12.8,10.4,11.4,11.6
43,5.2,Number of rooms in hotels and similar establishments (units),Oghuz,8.8,7.2,9.7,7.1,7.9,6.9
43,5.2,Number of rooms in hotels and similar establishments (units),Ordubad,25.0,25.9,20.6,27.4,22.1,28.9
43,5.2,Number of rooms in hotels and similar establishments (units),Qabala,10.1,9.4,11.4,11.8,9.5,12.8
43,5.2,Number of rooms in hotels and similar establishments (units),Qakh,15.9,15.3,15.1,16.1,13.5,13.7
43,5.2,Number of rooms in hotels and similar establishments (units),Qazakh,26.7,21.5,20.6,24.0,21.8,18.4
43,5.2,Number of rooms in hotels and similar establishments (units),Quba,11.6,11.3,8.6,9.5,9.5,11.4
43,5.2,Number of rooms in hotels and similar establishments (units),Qubadli,56.1,74.7,58.1,70.8,59.7,56.0
43,5.2,Number of rooms in hotels and similar establishments (units),Qusar,13.2,13.9,13.7,11.6,12.9,10.7
43,5.2,Number of rooms in hotels and similar establishments (units),Saatly,15.0,10.5,10.8,11.5,10.5,11.3
43,5.2,Number of rooms in hotels and similar establishments (units),Sabirabad,17.3,20.7,20.2,16.8,16.2,17.0
43,5.2,Number of rooms in hotels and similar establishments (units),Salyan,16.4,18.9,17.4,18.4,17.6,16.6
43,5.2,Number of rooms in hotels and similar establishments (units),Samukh,26.7,20.7,27.7,24.0,27.9,27.0
43,5.2,Number of rooms in hotels and similar establishments (units),Sedarak,12.3,13.8,15.5,16.0,13.8,13.0
43,5.2,Number of rooms in hotels and similar establishments (units),Shabran,26.5,22.4,19.3,20.2,17.9,25.9
43,5.2,Number of rooms in hotels and similar establishments (units),Shahbuz,10.3,9.1,10.2,10.6,11.3,8.8
43,5.2,Number of rooms in hotels and similar establishments (units),Shaki,7.0,9.5,9.4,8.5,8.5,8.7
43,5.2,Number of rooms in hotels and similar establishments (units),Shamakhi,12.8,10.6,10.5,11.1,9.0,9.5
43,5.2,Number of rooms in hotels and similar establishments (units),Shamkir,17.1,21.4,18.5,19.6,18.8,19.4
43,5.2,Number of rooms in hotels and similar establishments (units),Sharur,18.6,20.8,20.0,21.5,23.8,22.1
43,5.2,Number of rooms in hotels and similar establishments (units),Shirvan,9.5,10.5,12.1,9.6,11.6,12.1
43,5.2,Number of rooms in hotels and similar establishments (units),Shusha,1819.8,1383.5,1362.8,1791.7,1638.9,1765.6
43,5.2,Number of rooms in hotels and similar establishments (units),Siazan,13.8,17.4,17.2,16.6,14.0,15.9
43,5.2,Number of rooms in hotels and similar establishments (units),Sumqayit,11.8,16.5,12.1,16.7,13.8,12.4
43,5.2,Number of rooms in hotels and similar establishments (units),Tartar,989.0,940.6,966.1,915.3,926.8,980.8
43,5.2,Number of rooms in hotels and similar establishments (units),Tovuz,12.2,10.9,14.6,14.4,10.0,13.3
43,5.2,Number of rooms in hotels and similar establishments (units),Ujar,20.7,24.4,27.7,19.3,25.6,21.8
43,5.2,Number of rooms in hotels and similar establishments (units),Yardimli,28.2,27.9,23.5,27.1,27.0,22.0
43,5.2,Number of rooms in hotels and similar establishments (units),Yevlakh,18.0,22.9,19.7,18.7,18.4,23.8
43,5.2,Number of rooms in hotels and similar establishments (units),Zangilan,15.0,11.4,12.8,14.0,15.4,12.8
43,5.2,Number of rooms in hotels and similar establishments (units),Zaqatala,21.5,19.5,16.6,15.1,21.4,15.1
43,5.2,Number of rooms in hotels and similar establishments (units),Zardab,23.1,26.9,25.6,27.4,21.5,25.3
46,5.3,Once capacity (beds) of hotels and similar establishments (units),Absheron,28.3,30.0,32.8,34.1,31.6,27.6
46,5.3,Once capacity (beds) of hotels and similar establishments (units),Agdam,1136.1,929.1,875.9,977.2,949.2,953.0
46,5.3,Once capacity (beds) of hotels and similar establishments (units),Agdash,21.2,21.0,31.1,25.3,24.8,27.9
46,5.3,Once capacity (beds) of hotels and similar establishments (units),Aghjabadi,243.3,229.8,172.3,199.4,237.5,242.9
46,5.3,Once capacity (beds) of hotels and similar establishments (units),Agstafa,30.8,25.6,35.3,26.3,34.7,31.3
46,5.3,Once capacity (beds) of hotels and similar establishments (units),Agsu,31.8,28.2,27.5,28.1,27.7,35.2
46,5.3,Once capacity (beds) of hotels and similar establishments (units),Astara,22.8,33.0,32.0,32.5,33.2,24.1
46,5.3,Once capacity (beds) of hotels and similar establishments (units),Babek,31.4,30.7,24.5,32.0,25.3,25.3
46,5.3,Once capacity (beds) of hotels and similar establishments (units),Baku,31.7,31.5,25.6,35.2,27.7,26.0
46,5.3,Once capacity (beds) of hotels and similar establishments (units),Balakan,42.4,41.0,40.3,38.1,36.6,29.9
46,5.3,Once capacity (beds) of hotels and similar establishments (units),Barda,353.2,336.4,405.4,371.5,309.8,330.5
46,5.3,Once capacity (beds) of hotels and similar establishments (units),Beylagan,707.1,971.1,849.8,844.9,882.9,962.1
46,5.3,Once capacity (beds) of hotels and similar establishments (units),Bilasuvar,29.7,28.4,25.1,31.9,31.0,29.5
46,5.3,Once capacity (beds) of hotels and similar establishments (units),Dashkasan,40.4,38.2,40.0,38.0,37.8,36.9
46,5.3,Once capacity (beds) of hotels and similar establishments (units),Fuzuli,2946.8,3932.8,3920.5,2770.2,3857.7,2906.2
46,5.3,Once capacity (beds) of hotels and similar establishments (units),Gadabay,30.2,23.8,31.0,31.2,27.6,22.1
46,5.3,Once capacity (beds) of hotels and similar establishments (units),Ganja,28.1,32.0,28.2,24.2,28.2,27.2
46,5.3,Once capacity (beds) of hotels and similar establishments (units),Goranboy,28.8,37.8,34.8,40.5,32.0,36.0
46,5.3,Once capacity (beds) of hotels and similar establishments (units),Goychay,30.7,42.9,39.2,30.2,33.6,39.5
46,5.3,Once capacity (beds) of hotels and similar establishments (units),Goygol,24.3,22.1,24.6,19.2,27.0,28.0
46,5.3,Once capacity (beds) of hotels and similar establishments (units),Hajigabul,40.7,31.6,40.9,30.0,30.0,34.4
46,5.3,Once capacity (beds) of hotels and similar establishments (units),Imishli,33.1,32.0,29.2,27.1,35.8,28.9
46,5.3,Once capacity (beds) of hotels and similar establishments (units),Ismayilli,25.3,32.7,31.5,26.0,24.4,31.4
46,5.3,Once capacity (beds) of hotels and similar establishments (units),Jabrayil,1851.4,2403.2,1751.8,1980.9,2397.3,1970.6
46,5.3,Once capacity (beds) of hotels and similar establishments (units),Jalilabad,30.8,29.2,38.3,30.9,37.1,28.6
46,5.3,Once capacity (beds) of hotels and similar establishments (units),Julfa,20.9,27.3,24.3,29.4,25.4,30.5
46,5.3,Once capacity (beds) of hotels and similar establishments (units),Kalbajar,29.0,28.1,28.0,28.8,27.9,26.6
46,5.3,Once capacity (beds) of hotels and similar establishments (units),Kangarli,19.9,28.6,25.6,27.4,24.3,20.7
46,5.3,Once capacity (beds) of hotels and similar establishments (units),Khachmaz,26.2,23.7,21.5,24.3,20.1,25.2
46,5.3,Once capacity (beds) of hotels and similar establishments (units),Khizi,29.7,24.5,26.1,21.4,22.0,25.4
46,5.3,Once capacity (beds) of hotels and similar establishments (units),Khojaly,2223.9,1960.1,2305.1,2446.4,2377.7,1744.6
46,5.3,Once capacity (beds) of hotels and similar establishments (units),Kurdamir,25.0,26.6,35.5,25.5,29.7,31.1
46,5.3,Once capacity (beds) of hotels and similar establishments (units),Lachin,778.0,610.9,707.1,765.2,634.6,714.4
46,5.3,Once capacity (beds) of hotels and similar establishments (units),Lankaran,19.1,22.0,19.6,23.6,24.7,25.8
46,5.3,Once capacity (beds) of hotels and similar establishments (units),Lerik,22.1,21.5,26.9,27.6,20.7,30.0
46,5.3,Once capacity (beds) of hotels and similar establishments (units),Masally,23.7,25.2,26.7,25.3,26.1,21.8
46,5.3,Once capacity (beds) of hotels and similar establishments (units),Mingachevir,28.9,40.2,35.4,39.1,34.1,36.7
46,5.3,Once capacity (beds) of hotels and similar establishments (units),Naftalan,498.2,379.6,375.8,409.8,393.8,523.7
46,5.3,Once capacity (beds) of hotels and similar establishments (units),Nakhchivan,30.7,24.1,22.5,28.8,27.4,25.8
46,5.3,Once capacity (beds) of hotels and similar establishments (units),Neftchala,33.5,27.5,37.0,36.7,32.7,27.1
46,5.3,Once capacity (beds) of hotels and similar establishments (units),Oghuz,27.1,26.6,29.5,32.2,37.5,35.7
46,5.3,Once capacity (beds) of hotels and similar establishments (units),Ordubad,32.6,31.6,31.9,40.2,27.5,38.6
46,5.3,Once capacity (beds) of hotels and similar establishments (units),Qabala,30.4,34.0,31.0,35.8,36.2,30.2
46,5.3,Once capacity (beds) of hotels and similar establishments (units),Qakh,27.6,31.0,23.6,28.0,28.1,29.1
46,5.3,Once capacity (beds) of hotels and similar establishments (units),Qazakh,26.6,28.5,21.3,21.9,29.1,21.4
46,5.3,Once capacity (beds) of hotels and similar establishments (units),Quba,35.2,31.7,40.6,34.5,35.5,33.3
46,5.3,Once capacity (beds) of hotels and similar establishments (units),Qubadli,217.4,240.2,298.3,226.9,266.9,233.6
46,5.3,Once capacity (beds) of hotels and similar establishments (units),Qusar,29.1,40.5,33.5,30.5,28.3,29.6
46,5.3,Once capacity (beds) of hotels and similar establishments (units),Saatly,28.3,34.3,29.5,27.3,31.7,32.8
46,5.3,Once capacity (beds) of hotels and similar establishments (units),Sabirabad,21.7,20.4,27.4,26.6,24.8,28.4
46,5.3,Once capacity (beds) of hotels and similar establishments (units),Salyan,35.8,39.7,30.5,29.2,31.4,28.5
46,5.3,Once capacity (beds) of hotels and similar establishments (units),Samukh,35.8,24.9,25.9,29.9,35.8,28.2
46,5.3,Once capacity (beds) of hotels and similar establishments (units),Sedarak,24.6,25.9,36.0,35.7,24.1,35.5
46,5.3,Once capacity (beds) of hotels and similar establishments (units),Shabran,36.8,31.5,32.3,31.9,34.2,27.5
46,5.3,Once capacity (beds) of hotels and similar establishments (units),Shahbuz,21.2,24.8,20.2,24.5,27.3,19.2
46,5.3,Once capacity (beds) of hotels and similar establishments (units),Shaki,31.9,37.4,28.4,35.1,37.0,38.4
46,5.3,Once capacity (beds) of hotels and similar establishments (units),Shamakhi,32.7,34.3,37.6,33.7,26.6,38.4
46,5.3,Once capacity (beds) of hotels and similar establishments (units),Shamkir,35.2,29.1,34.9,31.4,34.8,27.7
46,5.3,Once capacity (beds) of hotels and similar establishments (units),Sharur,38.8,26.5,38.5,31.2,37.2,36.0
46,5.3,Once capacity (beds) of hotels and similar establishments (units),Shirvan,34.0,35.7,29.8,28.9,33.1,34.8
46,5.3,Once capacity (beds) of hotels and similar establishments (units),Shusha,4557.2,3967.2,4589.8,3453.5,4144.6,3267.1
46,5.3,Once capacity (beds) of hotels and similar establishments (units),Siazan,25.9,26.2,29.5,26.1,26.8,24.5
46,5.3,Once capacity (beds) of hotels and similar establishments (units),Sumqayit,25.0,23.3,29.3,30.0,29.4,27.7
46,5.3,Once capacity (beds) of hotels and similar establishments (units),Tartar,1614.7,1420.6,1398.1,1142.3,1320.3,1342.3
46,5.3,Once capacity (beds) of hotels and similar establishments (units),Tovuz,29.4,28.9,29.7,31.5,32.0,31.0
46,5.3,Once capacity (beds) of hotels and similar establishments (units),Ujar,29.7,32.4,29.6,39.0,42.7,33.1
46,5.3,Once capacity (beds) of hotels and similar establishments (units),Yardimli,30.0,42.7,34.2,30.6,36.2,32.9
46,5.3,Once capacity (beds) of hotels and similar establishments (units),Yevlakh,24.7,30.0,27.2,24.8,28.0,29.1
46,5.3,Once capacity (beds) of hotels and similar establishments (units),Zangilan,25.7,22.6,23.2,28.5,23.2,26.9
46,5.3,Once capacity (beds) of hotels and similar establishments (units),Zaqatala,27.9,34.0,29.9,39.3,32.9,37.2
46,5.3,Once capacity (beds) of hotels and similar establishments (units),Zardab,25.1,32.4,36.3,32.0,34.7,35.5
49,5.4,Accommodated persons in hotels (persons),Absheron,118.4,104.6,92.5,134.2,451.6,400.5
49,5.4,Accommodated persons in hotels (persons),Agdam,11662.4,3657.6,2405.6,4539.9,7220.6,4888.2
49,5.4,Accommodated persons in hotels (persons),Agdash,339.3,188.7,43.9,140.9,271.6,291.1
49,5.4,Accommodated persons in hotels (persons),Aghjabadi,2021.9,2374.2,171.2,684.1,2177.1,2076.3
49,5.4,Accommodated persons in hotels (persons),Agstafa,108.7,178.4,27.4,202.1,82.6,339.6
49,5.4,Accommodated persons in hotels (persons),Agsu,163.1,209.3,123.8,287.2,217.3,391.7
49,5.4,Accommodated persons in hotels (persons),Astara,132.2,279.6,31.6,139.7,325.2,156.3
49,5.4,Accommodated persons in hotels (persons),Babek,299.4,431.8,55.7,329.8,298.9,347.2
49,5.4,Accommodated persons in hotels (persons),Baku,64.7,137.9,40.0,136.4,94.1,438.7
49,5.4,Accommodated persons in hotels (persons),Balakan,286.2,266.6,110.6,341.5,165.1,511.4
49,5.4,Accommodated persons in hotels (persons),Barda,3852.7,2617.4,331.3,2371.3,1234.3,5336.0
49,5.4,Accommodated persons in hotels (persons),Beylagan,9107.5,4516.0,1882.5,4895.8,2275.4,5275.9
49,5.4,Accommodated persons in hotels (persons),Bilasuvar,373.0,185.0,126.2,133.7,187.7,284.7
49,5.4,Accommodated persons in hotels (persons),Dashkasan,75.8,79.8,125.1,142.3,60.8,353.9
49,5.4,Accommodated persons in hotels (persons),Fuzuli,18741.7,9218.0,7826.0,6232.9,25775.4,44271.2
49,5.4,Accommodated persons in hotels (persons),Gadabay,114.6,410.8,72.3,66.8,186.7,221.7
49,5.4,Accommodated persons in hotels (persons),Ganja,40.1,119.1,121.9,92.6,333.1,143.1
49,5.4,Accommodated persons in hotels (persons),Goranboy,69.8,216.4,71.6,272.5,85.8,237.9
49,5.4,Accommodated persons in hotels (persons),Goychay,234.6,312.6,92.7,370.4,258.8,229.0
49,5.4,Accommodated persons in hotels (persons),Goygol,156.5,276.0,66.5,332.0,302.3,337.5
49,5.4,Accommodated persons in hotels (persons),Hajigabul,82.3,91.0,82.3,52.8,75.0,72.7
49,5.4,Accommodated persons in hotels (persons),Imishli,241.8,81.8,24.9,86.5,271.3,424.1
49,5.4,Accommodated persons in hotels (persons),Ismayilli,291.8,187.0,26.6,94.8,344.1,323.4
49,5.4,Accommodated persons in hotels (persons),Jabrayil,19233.7,14828.0,6030.0,13119.3,21378.5,19443.2
49,5.4,Accommodated persons in hotels (persons),Jalilabad,251.1,287.7,99.4,127.8,123.9,165.5
49,5.4,Accommodated persons in hotels (persons),Julfa,433.3,151.2,76.0,173.5,489.4,442.7
49,5.4,Accommodated persons in hotels (persons),Kalbajar,65.3,129.7,32.8,249.4,390.0,144.2
49,5.4,Accommodated persons in hotels (persons),Kangarli,122.7,242.0,61.6,241.3,340.8,471.3
49,5.4,Accommodated persons in hotels (persons),Khachmaz,90.6,154.9,90.4,113.7,277.4,247.9
49,5.4,Accommodated persons in hotels (persons),Khizi,283.5,49.2,82.4,118.6,550.1,189.4
49,5.4,Accommodated persons in hotels (persons),Khojaly,16654.4,15299.4,8337.9,13549.4,17427.9,12166.7
49,5.4,Accommodated persons in hotels (persons),Kurdamir,265.2,231.9,91.2,68.8,239.9,338.8
49,5.4,Accommodated persons in hotels (persons),Lachin,6054.7,1788.7,469.0,2422.6,7368.4,7562.2
49,5.4,Accommodated persons in hotels (persons),Lankaran,87.9,121.2,84.2,288.2,338.8,409.6
49,5.4,Accommodated persons in hotels (persons),Lerik,309.8,131.9,53.6,245.3,108.9,205.5
49,5.4,Accommodated persons in hotels (persons),Masally,125.4,448.1,41.2,158.6,305.0,296.6
49,5.4,Accommodated persons in hotels (persons),Mingachevir,324.9,174.8,70.0,267.3,445.5,90.0
49,5.4,Accommodated persons in hotels (persons),Naftalan,905.9,2578.8,618.0,1909.1,4478.7,2351.5
49,5.4,Accommodated persons in hotels (persons),Nakhchivan,56.1,89.2,78.6,86.7,332.3,231.0
49,5.4,Accommodated persons in hotels (persons),Neftchala,322.7,74.6,48.3,117.3,329.1,580.6
49,5.4,Accommodated persons in hotels (persons),Oghuz,318.3,178.7,27.4,63.3,172.4,179.7
49,5.4,Accommodated persons in hotels (persons),Ordubad,58.9,377.4,87.2,69.3,226.2,239.2
49,5.4,Accommodated persons in hotels (persons),Qabala,203.1,282.3,17.7,157.0,291.9,217.7
49,5.4,Accommodated persons in hotels (persons),Qakh,265.5,225.0,47.1,332.4,281.9,301.5
49,5.4,Accommodated persons in hotels (persons),Qazakh,253.4,341.8,83.4,229.4,78.6,326.4
49,5.4,Accommodated persons in hotels (persons),Quba,188.0,334.0,60.1,243.3,425.9,193.1
49,5.4,Accommodated persons in hotels (persons),Qubadli,2269.6,3631.5,385.2,1996.4,842.2,1187.3
49,5.4,Accommodated persons in hotels (persons),Qusar,102.2,395.0,107.4,145.1,525.2,215.9
49,5.4,Accommodated persons in hotels (persons),Saatly,79.8,62.0,59.9,228.0,395.5,426.0
49,5.4,Accommodated persons in hotels (persons),Sabirabad,297.5,191.5,58.1,217.2,261.4,240.9
49,5.4,Accommodated persons in hotels (persons),Salyan,93.0,143.7,27.3,165.6,224.4,462.1
49,5.4,Accommodated persons in hotels (persons),Samukh,218.9,114.3,71.9,157.5,277.0,92.9
49,5.4,Accommodated persons in hotels (persons),Sedarak,319.9,289.8,57.5,115.4,79.5,197.7
49,5.4,Accommodated persons in hotels (persons),Shabran,137.7,447.9,87.8,182.8,125.7,181.9
49,5.4,Accommodated persons in hotels (persons),Shahbuz,173.2,80.7,106.8,351.4,115.7,514.9
49,5.4,Accommodated persons in hotels (persons),Shaki,341.5,160.5,77.4,100.4,276.7,100.9
49,5.4,Accommodated persons in hotels (persons),Shamakhi,193.0,314.3,50.8,130.9,421.4,62.3
49,5.4,Accommodated persons in hotels (persons),Shamkir,94.2,135.6,72.7,59.6,296.0,352.4
49,5.4,Accommodated persons in hotels (persons),Sharur,83.7,353.0,75.9,261.5,458.0,305.2
49,5.4,Accommodated persons in hotels (persons),Shirvan,305.3,206.7,60.1,201.8,280.7,371.3
49,5.4,Accommodated persons in hotels (persons),Shusha,39155.0,28639.0,10984.9,15864.7,28142.6,8943.2
49,5.4,Accommodated persons in hotels (persons),Siazan,321.5,167.6,46.1,66.9,241.2,123.0
49,5.4,Accommodated persons in hotels (persons),Sumqayit,110.6,158.2,74.7,214.2,193.9,159.3
49,5.4,Accommodated persons in hotels (persons),Tartar,9841.6,16673.0,3184.4,11200.0,27208.4,6230.2
49,5.4,Accommodated persons in hotels (persons),Tovuz,284.3,115.7,86.7,226.2,394.2,64.6
49,5.4,Accommodated persons in hotels (persons),Ujar,103.6,136.9,47.1,130.9,128.5,249.0
49,5.4,Accommodated persons in hotels (persons),Yardimli,307.0,216.3,87.7,33.1,372.4,314.5
49,5.4,Accommodated persons in hotels (persons),Yevlakh,247.9,72.4,12.6,163.8,152.7,288.0
49,5.4,Accommodated persons in hotels (persons),Zangilan,246.0,405.9,84.9,189.1,374.9,204.5
49,5.4,Accommodated persons in hotels (persons),Zaqatala,416.6,223.5,44.8,162.4,189.6,235.2
49,5.4,Accommodated persons in hotels (persons),Zardab,327.0,127.1,29.5,41.8,335.9,333.7
52,5.5,Number of overnights in hotels and similar establishments (nights),Absheron,528.2,271.4,357.4,641.0,893.3,247.6
52,5.5,Number of overnights in hotels and similar establishments (nights),Agdam,5739.3,24882.7,2643.6,6401.1,33210.6,32234.2
52,5.5,Number of overnights in hotels and similar establishments (nights),Agdash,729.3,920.5,363.8,287.1,1316.2,658.8
52,5.5,Number of overnights in hotels and similar establishments (nights),Aghjabadi,5582.9,7427.3,1267.3,3828.9,3844.9,2961.4
52,5.5,Number of overnights in hotels and similar establishments (nights),Agstafa,984.5,363.7,198.6,673.0,782.5,539.8
52,5.5,Number of overnights in hotels and similar establishments (nights),Agsu,703.7,216.9,198.7,704.0,333.2,1569.5
52,5.5,Number of overnights in hotels and similar establishments (nights),Astara,274.8,1267.9,130.6,1043.6,1322.2,325.8
52,5.5,Number of overnights in hotels and similar establishments (nights),Babek,470.9,443.1,367.2,420.0,904.0,888.7
52,5.5,Number of overnights in hotels and similar establishments (nights),Baku,908.8,1426.0,79.8,260.5,1115.6,707.1
52,5.5,Number of overnights in hotels and similar establishments (nights),Balakan,901.3,876.4,44.9,476.4,1134.5,906.4
52,5.5,Number of overnights in hotels and similar establishments (nights),Barda,4231.4,10642.4,710.0,14953.5,14083.3,11980.0
52,5.5,Number of overnights in hotels and similar establishments (nights),Beylagan,18428.8,24706.8,4900.2,18750.7,28038.0,17565.0
52,5.5,Number of overnights in hotels and similar establishments (nights),Bilasuvar,523.3,234.5,223.5,916.4,292.5,1490.5
52,5.5,Number of overnights in hotels and similar establishments (nights),Dashkasan,239.7,284.9,162.1,457.8,387.0,504.6
52,5.5,Number of overnights in hotels and similar establishments (nights),Fuzuli,30269.5,102444.6,35757.3,61396.0,61414.8,103648.3
52,5.5,Number of overnights in hotels and similar establishments (nights),Gadabay,232.5,877.2,95.2,838.6,962.1,1141.0
52,5.5,Number of overnights in hotels and similar establishments (nights),Ganja,314.0,292.5,177.2,143.4,1157.5,410.1
52,5.5,Number of overnights in hotels and similar establishments (nights),Goranboy,944.8,132.8,148.0,659.2,622.3,365.0
52,5.5,Number of overnights in hotels and similar establishments (nights),Goychay,603.3,1030.9,176.9,1043.5,188.4,801.8
52,5.5,Number of overnights in hotels and similar establishments (nights),Goygol,789.8,648.5,408.4,825.0,920.7,935.1
52,5.5,Number of overnights in hotels and similar establishments (nights),Hajigabul,1064.4,494.0,210.4,479.2,484.8,747.6
52,5.5,Number of overnights in hotels and similar establishments (nights),Imishli,396.7,737.0,151.5,937.5,473.4,881.4
52,5.5,Number of overnights in hotels and similar establishments (nights),Ismayilli,761.5,415.1,206.8,290.1,1026.9,624.1
52,5.5,Number of overnights in hotels and similar establishments (nights),Jabrayil,10377.3,32544.3,9706.5,9072.7,13727.0,41422.3
52,5.5,Number of overnights in hotels and similar establishments (nights),Jalilabad,1176.5,893.5,200.4,271.3,1230.6,1309.6
52,5.5,Number of overnights in hotels and similar establishments (nights),Julfa,251.0,395.9,35.4,322.4,1150.9,1025.0
52,5.5,Number of overnights in hotels and similar establishments (nights),Kalbajar,975.8,154.1,242.6,651.0,904.2,718.6
52,5.5,Number of overnights in hotels and similar establishments (nights),Kangarli,1210.4,664.8,80.8,689.1,1152.8,936.0
52,5.5,Number of overnights in hotels and similar establishments (nights),Khachmaz,422.0,322.1,224.9,857.4,712.9,317.4
52,5.5,Number of overnights in hotels and similar establishments (nights),Khizi,877.8,320.7,208.2,840.5,766.8,315.7
52,5.5,Number of overnights in hotels and similar establishments (nights),Khojaly,60206.4,28383.2,15001.5,47738.2,13234.0,29022.2
52,5.5,Number of overnights in hotels and similar establishments (nights),Kurdamir,749.0,312.4,77.5,678.0,1649.9,1465.8
52,5.5,Number of overnights in hotels and similar establishments (nights),Lachin,15351.6,29137.2,6651.4,6328.8,18108.1,25457.7
52,5.5,Number of overnights in hotels and similar establishments (nights),Lankaran,1125.1,1309.9,177.5,1020.3,1143.7,293.2
52,5.5,Number of overnights in hotels and similar establishments (nights),Lerik,933.4,803.9,218.5,108.5,156.6,729.7
52,5.5,Number of overnights in hotels and similar establishments (nights),Masally,705.8,218.5,169.0,180.9,933.7,706.9
52,5.5,Number of overnights in hotels and similar establishments (nights),Mingachevir,993.0,494.0,197.7,641.0,1272.9,1208.6
52,5.5,Number of overnights in hotels and similar establishments (nights),Naftalan,10482.9,4366.4,1140.4,10764.5,5171.5,10217.9
52,5.5,Number of overnights in hotels and similar establishments (nights),Nakhchivan,998.2,693.6,225.7,769.9,941.2,1036.1
52,5.5,Number of overnights in hotels and similar establishments (nights),Neftchala,871.4,788.6,166.3,216.8,628.5,502.3
52,5.5,Number of overnights in hotels and similar establishments (nights),Oghuz,793.3,633.7,237.6,1007.5,561.6,878.3
52,5.5,Number of overnights in hotels and similar establishments (nights),Ordubad,604.5,138.8,109.5,637.7,145.6,596.0
52,5.5,Number of overnights in hotels and similar establishments (nights),Qabala,448.8,183.2,262.0,821.9,379.6,1097.3
52,5.5,Number of overnights in hotels and similar establishments (nights),Qakh,1161.3,318.9,170.6,962.4,819.4,1398.1
52,5.5,Number of overnights in hotels and similar establishments (nights),Qazakh,768.8,345.5,255.4,688.9,1461.4,170.3
52,5.5,Number of overnights in hotels and similar establishments (nights),Quba,778.2,668.6,202.1,1009.2,1274.8,1234.5
52,5.5,Number of overnights in hotels and similar establishments (nights),Qubadli,4251.4,8942.5,968.1,3402.9,5607.0,10808.3
52,5.5,Number of overnights in hotels and similar establishments (nights),Qusar,661.3,227.0,328.4,944.9,586.2,170.7
52,5.5,Number of overnights in hotels and similar establishments (nights),Saatly,1006.8,1227.3,175.4,1100.2,231.8,733.5
52,5.5,Number of overnights in hotels and similar establishments (nights),Sabirabad,318.2,1247.0,80.4,408.7,521.5,1469.4
52,5.5,Number of overnights in hotels and similar establishments (nights),Salyan,973.7,148.4,276.0,147.3,910.5,490.0
52,5.5,Number of overnights in hotels and similar establishments (nights),Samukh,162.8,899.3,171.0,524.6,1055.1,619.5
52,5.5,Number of overnights in hotels and similar establishments (nights),Sedarak,344.3,759.1,208.5,207.4,392.5,649.1
52,5.5,Number of overnights in hotels and similar establishments (nights),Shabran,252.4,492.6,228.4,704.6,562.5,515.5
52,5.5,Number of overnights in hotels and similar establishments (nights),Shahbuz,737.5,881.3,249.1,198.4,274.8,1136.9
52,5.5,Number of overnights in hotels and similar establishments (nights),Shaki,147.2,1003.5,131.3,839.0,1244.1,694.1
52,5.5,Number of overnights in hotels and similar establishments (nights),Shamakhi,350.3,1265.4,261.8,611.1,418.9,751.3
52,5.5,Number of overnights in hotels and similar establishments (nights),Shamkir,801.0,879.5,120.3,792.6,289.2,1131.3
52,5.5,Number of overnights in hotels and similar establishments (nights),Sharur,1169.9,646.9,137.0,409.8,1129.0,138.5
52,5.5,Number of overnights in hotels and similar establishments (nights),Shirvan,309.8,909.1,204.8,128.3,515.0,459.0
52,5.5,Number of overnights in hotels and similar establishments (nights),Shusha,129466.7,28974.2,33927.4,105851.3,150532.1,159928.3
52,5.5,Number of overnights in hotels and similar establishments (nights),Siazan,600.8,204.4,200.3,982.6,984.9,800.1
52,5.5,Number of overnights in hotels and similar establishments (nights),Sumqayit,1024.3,303.3,319.3,419.5,653.4,682.2
52,5.5,Number of overnights in hotels and similar establishments (nights),Tartar,27002.6,32051.5,3426.6,22795.7,49166.5,11934.7
52,5.5,Number of overnights in hotels and similar establishments (nights),Tovuz,171.7,301.3,225.2,731.5,1115.3,1021.1
52,5.5,Number of overnights in hotels and similar establishments (nights),Ujar,667.3,467.3,279.3,785.7,658.2,1564.0
52,5.5,Number of overnights in hotels and similar establishments (nights),Yardimli,285.1,676.4,266.5,623.5,374.8,1289.7
52,5.5,Number of overnights in hotels and similar establishments (nights),Yevlakh,254.4,601.2,114.8,801.0,434.1,250.6
52,5.5,Number of overnights in hotels and similar establishments (nights),Zangilan,181.4,141.8,98.3,924.5,376.1,441.0
52,5.5,Number of overnights in hotels and similar establishments (nights),Zaqatala,532.3,379.0,117.0,1035.4,983.2,678.5
52,5.5,Number of overnights in hotels and similar establishments (nights),Zardab,717.9,448.8,288.0,511.0,870.0,256.9
55,5.6,Average length of stay (nights),Absheron,2.9,4.6,2.2,3.3,3.0,1.6
55,5.6,Average length of stay (nights),Agdam,4.3,1.7,3.2,3.5,3.7,3.9
55,5.6,Average length of stay (nights),Agdash,2.4,1.5,4.0,3.4,4.4,4.4
55,5.6,Average length of stay (nights),Aghjabadi,4.5,3.2,2.7,4.3,3.1,2.1
55,5.6,Average length of stay (nights),Agstafa,4.5,4.6,3.1,1.8,2.9,4.3
55,5.6,Average length of stay (nights),Agsu,4.7,2.2,1.7,4.6,2.9,3.4
55,5.6,Average length of stay (nights),Astara,4.9,1.7,3.8,1.8,2.8,4.3
55,5.6,Average length of stay (nights),Babek,3.0,5.0,3.5,2.6,2.3,2.7
55,5.6,Average length of stay (nights),Baku,2.8,1.7,2.8,3.1,4.0,3.8
55,5.6,Average length of stay (nights),Balakan,4.0,1.5,2.3,3.8,3.2,1.5
55,5.6,Average length of stay (nights),Barda,4.3,4.2,3.4,1.7,4.2,3.5
55,5.6,Average length of stay (nights),Beylagan,4.2,4.1,4.3,3.3,2.0,3.8
55,5.6,Average length of stay (nights),Bilasuvar,3.7,4.1,2.1,2.2,4.6,4.1
55,5.6,Average length of stay (nights),Dashkasan,4.7,4.2,3.6,3.8,4.6,3.5
55,5.6,Average length of stay (nights),Fuzuli,3.7,2.0,3.2,4.0,2.4,2.2
55,5.6,Average length of stay (nights),Gadabay,2.6,2.3,2.3,3.0,4.7,3.3
55,5.6,Average length of stay (nights),Ganja,2.2,1.8,3.9,2.8,4.4,3.8
55,5.6,Average length of stay (nights),Goranboy,4.3,2.5,3.9,2.4,4.8,3.7
55,5.6,Average length of stay (nights),Goychay,2.6,2.4,2.2,3.9,2.3,3.6
55,5.6,Average length of stay (nights),Goygol,2.4,3.8,4.4,4.2,4.2,2.2
55,5.6,Average length of stay (nights),Hajigabul,1.8,3.9,2.8,3.0,1.6,2.4
55,5.6,Average length of stay (nights),Imishli,1.6,4.6,2.4,3.5,1.6,3.8
55,5.6,Average length of stay (nights),Ismayilli,2.6,4.6,4.6,2.6,4.7,5.0
55,5.6,Average length of stay (nights),Jabrayil,4.4,4.5,2.4,3.5,1.7,1.8
55,5.6,Average length of stay (nights),Jalilabad,5.0,2.6,4.1,4.3,4.5,5.0
55,5.6,Average length of stay (nights),Julfa,2.3,1.6,2.9,2.0,1.6,2.8
55,5.6,Average length of stay (nights),Kalbajar,4.2,3.5,2.6,3.8,2.3,1.6
55,5.6,Average length of stay (nights),Kangarli,4.2,3.7,4.2,1.6,4.4,3.7
55,5.6,Average length of stay (nights),Khachmaz,3.5,3.7,4.5,3.6,3.5,5.0
55,5.6,Average length of stay (nights),Khizi,4.1,3.0,4.0,2.9,2.3,3.6
55,5.6,Average length of stay (nights),Khojaly,4.7,4.8,2.7,3.3,2.2,5.0
55,5.6,Average length of stay (nights),Kurdamir,4.9,3.8,4.3,4.0,3.6,1.7
55,5.6,Average length of stay (nights),Lachin,3.1,3.9,3.9,2.8,4.8,2.1
55,5.6,Average length of stay (nights),Lankaran,3.3,3.9,3.9,3.8,2.5,2.0
55,5.6,Average length of stay (nights),Lerik,3.7,3.6,2.1,4.0,3.1,3.8
55,5.6,Average length of stay (nights),Masally,4.4,2.1,1.6,4.2,3.6,3.9
55,5.6,Average length of stay (nights),Mingachevir,4.4,4.3,4.9,3.4,3.2,2.9
55,5.6,Average length of stay (nights),Naftalan,2.0,3.5,2.5,4.7,3.5,3.6
55,5.6,Average length of stay (nights),Nakhchivan,2.7,1.7,1.6,3.0,1.8,3.6
55,5.6,Average length of stay (nights),Neftchala,4.6,4.6,3.8,2.2,4.5,4.6
55,5.6,Average length of stay (nights),Oghuz,2.2,4.1,2.5,4.3,5.0,1.6
55,5.6,Average length of stay (nights),Ordubad,4.6,3.7,4.9,3.1,4.5,1.7
55,5.6,Average length of stay (nights),Qabala,2.7,1.7,4.9,4.4,4.5,4.8
55,5.6,Average length of stay (nights),Qakh,1.8,2.8,1.7,2.2,2.3,3.1
55,5.6,Average length of stay (nights),Qazakh,2.4,1.9,2.1,2.0,4.9,4.2
55,5.6,Average length of stay (nights),Quba,4.9,3.0,2.5,4.3,2.6,2.5
55,5.6,Average length of stay (nights),Qubadli,2.3,2.0,2.4,2.7,3.9,1.7
55,5.6,Average length of stay (nights),Qusar,2.2,4.3,2.0,2.7,4.5,2.0
55,5.6,Average length of stay (nights),Saatly,1.8,3.2,2.6,3.5,4.3,2.0
55,5.6,Average length of stay (nights),Sabirabad,3.5,3.3,2.0,3.7,2.5,3.2
55,5.6,Average length of stay (nights),Salyan,1.8,3.1,2.6,4.4,1.7,3.0
55,5.6,Average length of stay (nights),Samukh,3.1,4.0,3.5,3.8,4.2,4.5
55,5.6,Average length of stay (nights),Sedarak,2.6,3.4,4.4,5.0,4.6,2.8
55,5.6,Average length of stay (nights),Shabran,2.2,3.2,4.1,3.2,3.2,4.4
55,5.6,Average length of stay (nights),Shahbuz,2.8,4.5,2.9,2.6,3.1,4.2
55,5.6,Average length of stay (nights),Shaki,1.9,2.2,4.8,2.1,3.5,3.5
55,5.6,Average length of stay (nights),Shamakhi,3.2,3.8,2.3,3.4,2.8,3.8
55,5.6,Average length of stay (nights),Shamkir,2.0,3.5,2.1,2.5,2.3,2.1
55,5.6,Average length of stay (nights),Sharur,4.4,2.5,4.7,4.9,3.5,2.0
55,5.6,Average length of stay (nights),Shirvan,2.8,4.3,2.8,1.8,3.4,4.5
55,5.6,Average length of stay (nights),Shusha,4.3,2.1,3.9,2.3,2.3,4.6
55,5.6,Average length of stay (nights),Siazan,2.4,2.4,1.5,4.5,4.3,3.7
55,5.6,Average length of stay (nights),Sumqayit,4.1,2.0,3.1,2.7,1.8,3.2
55,5.6,Average length of stay (nights),Tartar,4.7,1.6,2.5,2.2,2.3,4.7
55,5.6,Average length of stay (nights),Tovuz,3.1,3.1,4.2,2.0,3.2,3.0
55,5.6,Average length of stay (nights),Ujar,3.6,5.0,4.2,2.9,4.4,2.1
55,5.6,Average length of stay (nights),Yardimli,1.6,2.2,2.7,3.3,3.7,4.7
55,5.6,Average length of stay (nights),Yevlakh,3.3,3.3,1.7,1.6,3.4,3.0
55,5.6,Average length of stay (nights),Zangilan,4.4,2.1,1.6,3.1,2.3,1.7
55,5.6,Average length of stay (nights),Zaqatala,4.0,1.9,3.6,2.5,2.1,2.8
55,5.6,Average length of stay (nights),Zardab,4.3,2.9,4.1,1.9,4.2,2.3
58,5.7,Bed occupancy rate (percent),Absheron,53.9,48.3,66.5,39.4,23.3,21.0
58,5.7,Bed occupancy rate (percent),Agdam,61.3,46.2,58.8,31.7,37.3,21.5
58,5.7,Bed occupancy rate (percent),Agdash,68.1,53.4,66.7,33.3,50.6,53.9
58,5.7,Bed occupancy rate (percent),Aghjabadi,35.9,62.4,67.4,64.2,57.0,33.9
58,5.7,Bed occupancy rate (percent),Agstafa,34.1,68.2,20.5,55.8,55.3,51.1
58,5.7,Bed occupancy rate (percent),Agsu,69.5,35.6,37.0,23.9,42.1,33.1
58,5.7,Bed occupancy rate (percent),Astara,37.2,61.7,66.8,29.3,38.6,66.4
58,5.7,Bed occupancy rate (percent),Babek,23.1,24.6,28.1,49.8,27.5,68.4
58,5.7,Bed occupancy rate (percent),Baku,42.3,45.1,32.3,43.5,53.1,57.6
58,5.7,Bed occupancy rate (percent),Balakan,57.7,48.9,65.2,60.9,57.9,22.8
58,5.7,Bed occupancy rate (percent),Barda,20.3,30.6,53.2,40.6,40.1,64.2
58,5.7,Bed occupancy rate (percent),Beylagan,64.8,65.5,35.7,54.6,33.6,29.5
58,5.7,Bed occupancy rate (percent),Bilasuvar,29.2,37.1,41.5,61.5,26.0,56.7
58,5.7,Bed occupancy rate (percent),Dashkasan,46.6,34.4,44.6,35.0,49.8,41.7
58,5.7,Bed occupancy rate (percent),Fuzuli,28.2,25.8,47.3,65.1,37.2,56.7
58,5.7,Bed occupancy rate (percent),Gadabay,52.9,66.6,61.0,48.3,52.9,64.9
58,5.7,Bed occupancy rate (percent),Ganja,40.0,36.3,20.5,61.3,60.0,25.2
58,5.7,Bed occupancy rate (percent),Goranboy,48.8,43.2,25.9,69.0,30.7,23.4
58,5.7,Bed occupancy rate (percent),Goychay,49.7,56.9,21.6,52.9,46.6,25.2
58,5.7,Bed occupancy rate (percent),Goygol,28.6,48.4,34.8,66.9,60.9,69.2
58,5.7,Bed occupancy rate (percent),Hajigabul,33.0,68.5,41.6,37.4,22.5,22.6
58,5.7,Bed occupancy rate (percent),Imishli,54.6,42.9,31.3,50.7,32.6,48.9
58,5.7,Bed occupancy rate (percent),Ismayilli,38.0,61.2,61.0,43.9,37.5,38.1
58,5.7,Bed occupancy rate (percent),Jabrayil,60.3,36.4,30.5,24.2,43.3,44.1
58,5.7,Bed occupancy rate (percent),Jalilabad,62.0,31.1,39.0,60.4,61.2,39.2
58,5.7,Bed occupancy rate (percent),Julfa,43.0,35.2,66.6,25.9,66.7,54.2
58,5.7,Bed occupancy rate (percent),Kalbajar,46.6,21.6,43.8,40.4,28.1,52.8
58,5.7,Bed occupancy rate (percent),Kangarli,68.6,48.1,55.7,23.4,40.9,25.8
58,5.7,Bed occupancy rate (percent),Khachmaz,50.6,66.9,53.1,23.8,37.7,47.5
58,5.7,Bed occupancy rate (percent),Khizi,40.2,61.7,60.7,50.6,38.7,32.8
58,5.7,Bed occupancy rate (percent),Khojaly,25.3,37.7,40.7,53.8,52.9,23.5
58,5.7,Bed occupancy rate (percent),Kurdamir,39.8,29.1,27.8,61.4,22.1,41.0
58,5.7,Bed occupancy rate (percent),Lachin,28.4,64.0,47.9,31.6,45.1,56.6
58,5.7,Bed occupancy rate (percent),Lankaran,67.9,31.0,64.3,66.7,65.8,51.8
58,5.7,Bed occupancy rate (percent),Lerik,51.5,40.2,57.6,46.6,53.9,41.4
58,5.7,Bed occupancy rate (percent),Masally,56.6,61.2,27.3,61.6,47.0,62.2
58,5.7,Bed occupancy rate (percent),Mingachevir,41.6,39.0,65.8,32.6,62.2,44.2
58,5.7,Bed occupancy rate (percent),Naftalan,45.7,35.4,48.7,36.3,22.0,33.6
58,5.7,Bed occupancy rate (percent),Nakhchivan,20.3,68.9,68.3,39.8,56.4,37.3
58,5.7,Bed occupancy rate (percent),Neftchala,53.6,60.3,67.3,40.0,59.2,33.3
58,5.7,Bed occupancy rate (percent),Oghuz,69.5,21.3,50.2,53.0,54.4,26.0
58,5.7,Bed occupancy rate (percent),Ordubad,66.9,29.1,51.1,31.1,35.4,47.3
58,5.7,Bed occupancy rate (percent),Qabala,40.9,28.0,28.5,40.9,57.9,64.9
58,5.7,Bed occupancy rate (percent),Qakh,24.2,39.7,25.0,20.8,53.1,50.1
58,5.7,Bed occupancy rate (percent),Qazakh,28.2,31.7,21.2,61.7,68.7,26.8
58,5.7,Bed occupancy rate (percent),Quba,31.6,63.4,66.3,41.0,22.5,22.0
58,5.7,Bed occupancy rate (percent),Qubadli,48.7,39.6,21.4,49.2,20.6,59.4
58,5.7,Bed occupancy rate (percent),Qusar,35.3,22.0,49.4,39.9,68.7,47.2
58,5.7,Bed occupancy rate (percent),Saatly,33.8,55.5,33.6,65.2,38.7,47.5
58,5.7,Bed occupancy rate (percent),Sabirabad,22.5,41.3,61.6,60.3,31.2,31.3
58,5.7,Bed occupancy rate (percent),Salyan,60.9,66.5,24.8,42.5,36.9,63.5
58,5.7,Bed occupancy rate (percent),Samukh,24.2,30.6,57.6,22.6,44.6,42.1
58,5.7,Bed occupancy rate (percent),Sedarak,36.7,39.7,46.5,28.1,48.6,60.3
58,5.7,Bed occupancy rate (percent),Shabran,58.0,27.7,27.5,33.4,38.1,40.4
58,5.7,Bed occupancy rate (percent),Shahbuz,54.0,22.8,21.7,39.6,54.9,29.7
58,5.7,Bed occupancy rate (percent),Shaki,52.1,33.0,64.3,64.8,34.9,31.5
58,5.7,Bed occupancy rate (percent),Shamakhi,40.6,32.0,53.6,61.3,53.7,61.2
58,5.7,Bed occupancy rate (percent),Shamkir,39.8,27.8,56.9,38.0,53.6,33.5
58,5.7,Bed occupancy rate (percent),Sharur,24.1,69.6,27.8,69.4,68.9,59.7
58,5.7,Bed occupancy rate (percent),Shirvan,53.0,48.9,63.3,34.5,43.4,51.0
58,5.7,Bed occupancy rate (percent),Shusha,40.6,41.4,36.5,48.2,62.5,30.1
58,5.7,Bed occupancy rate (percent),Siazan,66.7,54.5,61.2,47.8,59.0,20.8
58,5.7,Bed occupancy rate (percent),Sumqayit,60.9,22.0,64.5,69.6,34.7,30.5
58,5.7,Bed occupancy rate (percent),Tartar,58.3,32.7,63.3,25.1,26.3,69.0
58,5.7,Bed occupancy rate (percent),Tovuz,53.7,62.3,36.2,53.8,49.7,50.2
58,5.7,Bed occupancy rate (percent),Ujar,54.1,48.8,41.5,33.8,58.4,31.3
58,5.7,Bed occupancy rate (percent),Yardimli,54.6,31.7,51.3,57.4,30.9,23.0
58,5.7,Bed occupancy rate (percent),Yevlakh,26.5,50.3,62.5,22.2,56.7,37.1
58,5.7,Bed occupancy rate (percent),Zangilan,43.9,66.4,36.6,43.3,20.7,24.1
58,5.7,Bed occupancy rate (percent),Zaqatala,32.9,21.4,51.6,41.3,47.4,28.7
58,5.7,Bed occupancy rate (percent),Zardab,34.8,53.2,68.3,22.5,64.5,48.8
61,5.8,Room occupancy rate (percent),Absheron,53.2,50.0,28.5,29.5,55.0,42.0
61,5.8,Room occupancy rate (percent),Agdam,70.9,45.3,32.2,60.7,39.7,51.3
61,5.8,Room occupancy rate (percent),Agdash,59.9,70.0,64.6,58.8,59.0,72.3
61,5.8,Room occupancy rate (percent),Aghjabadi,39.8,25.1,38.6,35.9,58.1,56.7
61,5.8,Room occupancy rate (percent),Agstafa,54.7,25.8,61.4,41.2,58.3,52.8
61,5.8,Room occupancy rate (percent),Agsu,42.1,31.7,29.7,66.6,70.9,57.5
61,5.8,Room occupancy rate (percent),Astara,30.2,45.1,61.4,64.0,30.9,25.0
61,5.8,Room occupancy rate (percent),Babek,60.6,42.8,37.7,25.6,52.0,67.6
61,5.8,Room occupancy rate (percent),Baku,72.9,53.3,50.7,29.3,52.4,44.0
61,5.8,Room occupancy rate (percent),Balakan,55.4,44.4,37.0,29.7,40.7,29.8
61,5.8,Room occupancy rate (percent),Barda,33.8,74.4,47.2,51.6,68.7,74.8
61,5.8,Room occupancy rate (percent),Beylagan,54.1,65.6,41.3,40.3,45.1,58.6
61,5.8,Room occupancy rate (percent),Bilasuvar,59.1,40.8,31.7,56.6,31.4,53.9
61,5.8,Room occupancy rate (percent),Dashkasan,59.7,60.0,62.7,68.6,50.0,61.5
61,5.8,Room occupancy rate (percent),Fuzuli,56.0,34.3,26.3,39.2,47.2,55.9
61,5.8,Room occupancy rate (percent),Gadabay,67.5,34.8,31.3,73.2,30.4,48.9
61,5.8,Room occupancy rate (percent),Ganja,54.3,52.1,29.3,27.9,30.3,54.3
61,5.8,Room occupancy rate (percent),Goranboy,52.2,36.7,56.9,66.0,27.1,49.9
61,5.8,Room occupancy rate (percent),Goychay,59.5,37.6,40.4,55.7,69.9,65.5
61,5.8,Room occupancy rate (percent),Goygol,54.2,61.5,43.2,57.0,48.3,34.5
61,5.8,Room occupancy rate (percent),Hajigabul,60.1,52.8,42.9,70.6,26.0,40.8
61,5.8,Room occupancy rate (percent),Imishli,27.8,63.3,60.1,41.6,58.8,44.8
61,5.8,Room occupancy rate (percent),Ismayilli,62.8,47.7,45.6,71.7,37.5,31.0
61,5.8,Room occupancy rate (percent),Jabrayil,54.2,73.5,43.9,28.1,42.0,50.3
61,5.8,Room occupancy rate (percent),Jalilabad,33.1,57.9,74.9,47.6,42.7,45.0
61,5.8,Room occupancy rate (percent),Julfa,30.8,69.2,45.7,44.4,58.0,47.1
61,5.8,Room occupancy rate (percent),Kalbajar,57.4,28.1,65.7,72.0,57.4,72.7
61,5.8,Room occupancy rate (percent),Kangarli,32.6,48.9,55.1,54.1,45.1,41.9
61,5.8,Room occupancy rate (percent),Khachmaz,31.3,44.6,33.1,61.7,35.4,27.9
61,5.8,Room occupancy rate (percent),Khizi,52.6,54.8,68.6,53.8,42.3,65.2
61,5.8,Room occupancy rate (percent),Khojaly,52.0,29.0,53.3,70.4,44.8,39.8
61,5.8,Room occupancy rate (percent),Kurdamir,32.2,32.6,46.6,54.8,29.0,72.0
61,5.8,Room occupancy rate (percent),Lachin,62.8,54.3,66.4,29.0,48.8,56.5
61,5.8,Room occupancy rate (percent),Lankaran,66.4,64.2,38.9,72.0,31.2,68.8
61,5.8,Room occupancy rate (percent),Lerik,73.5,33.9,61.1,27.0,45.3,50.8
61,5.8,Room occupancy rate (percent),Masally,54.0,71.8,58.6,49.1,65.5,72.5
61,5.8,Room occupancy rate (percent),Mingachevir,26.1,74.1,29.3,65.7,39.0,31.6
61,5.8,Room occupancy rate (percent),Naftalan,47.0,57.2,44.0,27.7,55.0,70.1
61,5.8,Room occupancy rate (percent),Nakhchivan,44.2,35.8,47.1,27.4,66.0,66.3
61,5.8,Room occupancy rate (percent),Neftchala,54.4,42.7,65.0,52.7,66.3,56.6
61,5.8,Room occupancy rate (percent),Oghuz,64.2,54.9,45.7,72.9,52.1,55.3
61,5.8,Room occupancy rate (percent),Ordubad,36.0,56.3,53.6,34.2,28.0,55.2
61,5.8,Room occupancy rate (percent),Qabala,63.2,51.2,36.3,58.3,29.0,47.1
61,5.8,Room occupancy rate (percent),Qakh,33.2,34.2,35.1,44.3,27.6,44.9
61,5.8,Room occupancy rate (percent),Qazakh,50.6,49.2,44.1,67.0,32.3,50.3
61,5.8,Room occupancy rate (percent),Quba,28.1,28.6,53.7,53.3,68.9,52.9
61,5.8,Room occupancy rate (percent),Qubadli,73.0,27.4,29.9,27.2,34.3,52.1
61,5.8,Room occupancy rate (percent),Qusar,57.3,27.3,72.3,67.1,39.8,28.9
61,5.8,Room occupancy rate (percent),Saatly,33.5,31.3,31.2,50.9,37.3,42.9
61,5.8,Room occupancy rate (percent),Sabirabad,74.5,59.2,72.4,32.1,44.1,52.7
61,5.8,Room occupancy rate (percent),Salyan,28.8,25.2,58.5,57.1,45.5,49.5
61,5.8,Room occupancy rate (percent),Samukh,45.8,26.2,41.8,33.9,29.9,72.8
61,5.8,Room occupancy rate (percent),Sedarak,55.0,61.4,40.8,44.7,36.8,29.8
61,5.8,Room occupancy rate (percent),Shabran,34.0,64.9,58.9,52.3,48.8,71.1
61,5.8,Room occupancy rate (percent),Shahbuz,28.6,39.0,42.5,64.1,74.6,37.0
61,5.8,Room occupancy rate (percent),Shaki,68.7,66.5,36.2,45.0,45.5,73.9
61,5.8,Room occupancy rate (percent),Shamakhi,34.0,65.0,41.7,61.5,46.0,53.9
61,5.8,Room occupancy rate (percent),Shamkir,66.6,65.2,68.3,28.0,59.6,32.0
61,5.8,Room occupancy rate (percent),Sharur,45.8,52.4,45.1,51.0,74.8,31.8
61,5.8,Room occupancy rate (percent),Shirvan,58.8,44.8,31.7,32.9,72.5,69.0
61,5.8,Room occupancy rate (percent),Shusha,70.4,74.6,35.4,42.8,58.5,49.2
61,5.8,Room occupancy rate (percent),Siazan,45.9,42.9,54.7,53.8,33.1,48.6
61,5.8,Room occupancy rate (percent),Sumqayit,52.7,53.5,35.5,62.1,26.3,42.7
61,5.8,Room occupancy rate (percent),Tartar,64.0,53.2,38.1,59.7,53.4,64.8
61,5.8,Room occupancy rate (percent),Tovuz,61.8,55.5,49.4,31.7,38.1,46.0
61,5.8,Room occupancy rate (percent),Ujar,55.0,50.7,39.4,25.3,49.8,39.3
61,5.8,Room occupancy rate (percent),Yardimli,61.7,26.2,54.2,72.1,33.7,48.6
61,5.8,Room occupancy rate (percent),Yevlakh,29.6,56.3,52.5,45.4,51.1,69.8
61,5.8,Room occupancy rate (percent),Zangilan,34.8,26.1,68.1,53.9,69.5,54.8
61,5.8,Room occupancy rate (percent),Zaqatala,65.5,46.5,62.5,70.7,53.6,34.0
61,5.8,Room occupancy rate (percent),Zardab,38.4,34.9,37.3,40.3,52.8,54.4
64,5.9,Number of employees in hotels (persons),Absheron,7.5,10.0,3.1,3.1,4.2,8.7
64,5.9,Number of employees in hotels (persons),Agdam,172.1,204.6,259.3,452.0,78.5,375.9
64,5.9,Number of employees in hotels (persons),Agdash,10.7,12.4,14.1,2.3,4.0,13.5
64,5.9,Number of employees in hotels (persons),Aghjabadi,63.7,74.7,85.0,86.6,112.9,119.7
64,5.9,Number of employees in hotels (persons),Agstafa,11.4,5.7,13.4,2.6,5.0,13.7
64,5.9,Number of employees in hotels (persons),Agsu,5.3,4.9,3.8,13.2,8.5,10.8
64,5.9,Number of employees in hotels (persons),Astara,5.1,11.9,11.9,6.1,7.3,4.7
64,5.9,Number of employees in hotels (persons),Babek,14.7,10.4,14.1,5.9,12.2,12.0
64,5.9,Number of employees in hotels (persons),Baku,11.0,14.6,7.1,3.7,10.7,11.5
64,5.9,Number of employees in hotels (persons),Balakan,9.5,4.7,8.6,6.1,7.6,10.4
64,5.9,Number of employees in hotels (persons),Barda,151.9,65.2,94.5,71.5,59.6,158.4
64,5.9,Number of employees in hotels (persons),Beylagan,359.3,177.1,305.9,355.2,338.0,113.8
64,5.9,Number of employees in hotels (persons),Bilasuvar,14.4,6.9,6.4,2.8,8.3,3.4
64,5.9,Number of employees in hotels (persons),Dashkasan,5.2,6.1,12.5,13.4,5.9,13.2
64,5.9,Number of employees in hotels (persons),Fuzuli,1327.5,1206.0,394.6,1108.4,1442.8,1098.2
64,5.9,Number of employees in hotels (persons),Gadabay,6.3,8.5,10.4,8.6,3.6,6.1
64,5.9,Number of employees in hotels (persons),Ganja,12.4,13.2,3.8,14.4,6.3,10.6
64,5.9,Number of employees in hotels (persons),Goranboy,11.8,12.6,14.3,6.1,13.2,3.7
64,5.9,Number of employees in hotels (persons),Goychay,11.2,11.6,10.8,5.3,13.3,4.2
64,5.9,Number of employees in hotels (persons),Goygol,2.7,11.3,8.2,13.0,7.0,4.2
64,5.9,Number of employees in hotels (persons),Hajigabul,12.9,9.1,4.5,11.4,8.6,9.9
64,5.9,Number of employees in hotels (persons),Imishli,8.0,12.8,12.8,11.2,3.4,12.9
64,5.9,Number of employees in hotels (persons),Ismayilli,10.7,11.1,6.7,13.4,11.4,3.5
64,5.9,Number of employees in hotels (persons),Jabrayil,460.0,851.9,164.7,913.4,682.2,643.1
64,5.9,Number of employees in hotels (persons),Jalilabad,5.5,5.2,14.2,5.9,12.1,7.1
64,5.9,Number of employees in hotels (persons),Julfa,3.8,2.1,9.1,14.7,6.8,6.6
64,5.9,Number of employees in hotels (persons),Kalbajar,6.5,8.8,7.7,13.4,8.6,8.6
64,5.9,Number of employees in hotels (persons),Kangarli,3.8,14.8,5.2,3.0,10.6,9.7
64,5.9,Number of employees in hotels (persons),Khachmaz,7.4,7.5,12.2,4.5,12.7,10.4
64,5.9,Number of employees in hotels (persons),Khizi,7.4,8.0,5.3,11.8,8.7,6.2
64,5.9,Number of employees in hotels (persons),Khojaly,701.9,1076.0,551.4,1005.8,466.9,195.2
64,5.9,Number of employees in hotels (persons),Kurdamir,4.7,7.4,4.9,2.0,13.9,13.0
64,5.9,Number of employees in hotels (persons),Lachin,267.9,96.2,82.0,66.2,262.5,323.7
64,5.9,Number of employees in hotels (persons),Lankaran,7.6,3.5,8.7,6.5,6.9,10.1
64,5.9,Number of employees in hotels (persons),Lerik,11.3,3.4,2.5,14.9,5.0,2.7
64,5.9,Number of employees in hotels (persons),Masally,4.5,2.5,7.1,12.4,6.4,7.8
64,5.9,Number of employees in hotels (persons),Mingachevir,10.8,8.6,13.2,13.3,2.1,12.1
64,5.9,Number of employees in hotels (persons),Naftalan,119.8,222.8,124.2,222.4,177.1,78.5
64,5.9,Number of employees in hotels (persons),Nakhchivan,9.0,14.9,13.1,3.3,11.2,6.5
64,5.9,Number of employees in hotels (persons),Neftchala,2.1,7.2,5.1,12.6,6.4,12.8
64,5.9,Number of employees in hotels (persons),Oghuz,2.0,6.0,5.1,5.0,2.9,4.4
64,5.9,Number of employees in hotels (persons),Ordubad,9.2,5.8,7.4,6.9,13.4,13.8
64,5.9,Number of employees in hotels (persons),Qabala,8.4,6.3,3.4,14.4,2.8,5.9
64,5.9,Number of employees in hotels (persons),Qakh,5.9,6.2,4.1,12.2,3.6,10.3
64,5.9,Number of employees in hotels (persons),Qazakh,3.6,2.9,13.8,4.5,12.7,9.1
64,5.9,Number of employees in hotels (persons),Quba,3.0,14.4,5.2,13.2,4.2,13.1
64,5.9,Number of employees in hotels (persons),Qubadli,17.4,69.2,96.0,113.2,110.6,101.2
64,5.9,Number of employees in hotels (persons),Qusar,13.5,4.6,5.7,5.8,6.9,7.1
64,5.9,Number of employees in hotels (persons),Saatly,9.1,4.1,11.0,4.2,6.0,8.5
64,5.9,Number of employees in hotels (persons),Sabirabad,12.4,11.6,10.4,4.0,9.1,3.1
64,5.9,Number of employees in hotels (persons),Salyan,6.9,7.4,2.5,5.6,14.4,14.4
64,5.9,Number of employees in hotels (persons),Samukh,6.6,2.6,4.3,7.1,14.3,3.8
64,5.9,Number of employees in hotels (persons),Sedarak,11.9,3.4,14.8,7.0,12.1,6.5
64,5.9,Number of employees in hotels (persons),Shabran,10.2,4.5,3.9,14.2,13.9,13.5
64,5.9,Number of employees in hotels (persons),Shahbuz,10.1,12.5,2.9,6.4,6.1,10.3
64,5.9,Number of employees in hotels (persons),Shaki,6.6,3.9,9.8,12.6,7.0,3.7
64,5.9,Number of employees in hotels (persons),Shamakhi,4.6,5.1,5.9,10.4,9.8,11.0
64,5.9,Number of employees in hotels (persons),Shamkir,6.7,12.7,4.7,8.1,12.4,4.3
64,5.9,Number of employees in hotels (persons),Sharur,3.4,13.5,6.5,10.9,2.3,11.0
64,5.9,Number of employees in hotels (persons),Shirvan,6.1,2.7,9.9,5.1,7.0,3.0
64,5.9,Number of employees in hotels (persons),Shusha,469.6,704.8,380.0,1660.9,249.4,994.8
64,5.9,Number of employees in hotels (persons),Siazan,3.6,6.0,14.0,4.1,14.6,4.7
64,5.9,Number of employees in hotels (persons),Sumqayit,11.6,9.1,13.5,9.2,8.9,4.5
64,5.9,Number of employees in hotels (persons),Tartar,208.0,695.7,313.1,341.9,593.9,320.2
64,5.9,Number of employees in hotels (persons),Tovuz,14.4,11.6,9.8,13.5,2.6,5.3
64,5.9,Number of employees in hotels (persons),Ujar,8.0,5.0,11.7,13.9,7.5,6.4
64,5.9,Number of employees in hotels (persons),Yardimli,14.5,7.8,8.4,6.6,13.8,9.4
64,5.9,Number of employees in hotels (persons),Yevlakh,11.9,12.6,6.4,7.6,13.0,6.7
64,5.9,Number of employees in hotels (persons),Zangilan,12.3,14.2,10.1,11.6,12.5,13.0
64,5.9,Number of employees in hotels (persons),Zaqatala,7.1,2.7,7.2,10.8,7.9,11.7
64,5.9,Number of employees in hotels (persons),Zardab,6.6,10.3,4.4,11.7,9.1,4.7
67,5.1,Income of hotels and similar establishments (thousand manats),Absheron,1.5,1.0,0.3,0.8,1.1,1.5
67,5.1,Income of hotels and similar establishments (thousand manats),Agdam,39.4,35.8,12.8,29.4,38.3,34.7
67,5.1,Income of hotels and similar establishments (thousand manats),Agdash,1.0,1.0,0.4,1.0,1.1,1.3
67,5.1,Income of hotels and similar establishments (thousand manats),Aghjabadi,8.5,9.2,2.6,6.9,8.8,9.5
67,5.1,Income of hotels and similar establishments (thousand manats),Agstafa,1.6,1.0,0.3,0.8,1.3,1.8
67,5.1,Income of hotels and similar establishments (thousand manats),Agsu,1.0,1.0,0.3,1.2,1.4,1.4
67,5.1,Income of hotels and similar establishments (thousand manats),Astara,1.0,1.0,0.4,0.8,2.3,1.5
67,5.1,Income of hotels and similar establishments (thousand manats),Babek,1.0,1.0,0.3,0.8,1.8,1.3
67,5.1,Income of hotels and similar establishments (thousand manats),Baku,1.0,1.9,0.3,1.1,1.1,1.4
67,5.1,Income of hotels and similar establishments (thousand manats),Balakan,1.2,1.0,0.6,1.3,1.1,1.2
67,5.1,Income of hotels and similar establishments (thousand manats),Barda,13.5,13.1,4.0,10.6,15.1,17.1
67,5.1,Income of hotels and similar establishments (thousand manats),Beylagan,27.5,23.3,8.8,24.2,37.6,26.6
67,5.1,Income of hotels and similar establishments (thousand manats),Bilasuvar,1.1,1.0,0.4,0.8,2.2,1.2
67,5.1,Income of hotels and similar establishments (thousand manats),Dashkasan,1.0,1.0,0.3,1.1,1.1,1.2
67,5.1,Income of hotels and similar establishments (thousand manats),Fuzuli,80.0,97.8,35.3,83.7,101.5,115.8
67,5.1,Income of hotels and similar establishments (thousand manats),Gadabay,1.0,1.2,0.3,1.0,1.1,1.2
67,5.1,Income of hotels and similar establishments (thousand manats),Ganja,1.0,1.3,0.3,0.8,1.1,1.3
67,5.1,Income of hotels and similar establishments (thousand manats),Goranboy,1.0,1.0,0.3,1.0,1.1,1.2
67,5.1,Income of hotels and similar establishments (thousand manats),Goychay,2.1,1.0,0.3,1.1,1.1,1.2
67,5.1,Income of hotels and similar establishments (thousand manats),Goygol,1.0,1.0,0.5,1.1,1.5,1.2
67,5.1,Income of hotels and similar establishments (thousand manats),Hajigabul,1.0,1.0,0.3,1.2,1.4,1.2
67,5.1,Income of hotels and similar establishments (thousand manats),Imishli,1.0,1.0,0.3,1.1,1.1,1.3
67,5.1,Income of hotels and similar establishments (thousand manats),Ismayilli,1.5,1.0,0.4,1.9,1.1,1.4
67,5.1,Income of hotels and similar establishments (thousand manats),Jabrayil,58.4,64.1,19.8,51.4,62.3,73.9
67,5.1,Income of hotels and similar establishments (thousand manats),Jalilabad,1.7,1.2,0.4,0.8,1.5,1.3
67,5.1,Income of hotels and similar establishments (thousand manats),Julfa,1.0,1.2,0.3,0.8,1.2,1.3
67,5.1,Income of hotels and similar establishments (thousand manats),Kalbajar,1.0,1.5,0.4,0.8,1.1,1.2
67,5.1,Income of hotels and similar establishments (thousand manats),Kangarli,1.0,1.1,0.3,0.8,1.1,1.2
67,5.1,Income of hotels and similar establishments (thousand manats),Khachmaz,1.3,1.0,0.5,0.8,1.9,1.2
67,5.1,Income of hotels and similar establishments (thousand manats),Khizi,1.4,1.0,0.5,0.8,1.1,2.0
67,5.1,Income of hotels and similar establishments (thousand manats),Khojaly,71.2,73.6,24.3,51.7,83.9,78.0
67,5.1,Income of hotels and similar establishments (thousand manats),Kurdamir,1.0,1.0,0.3,0.8,1.9,1.6
67,5.1,Income of hotels and similar establishments (thousand manats),Lachin,22.9,23.6,6.7,20.9,24.8,27.0
67,5.1,Income of hotels and similar establishments (thousand manats),Lankaran,1.6,1.0,0.5,0.8,2.0,1.2
67,5.1,Income of hotels and similar establishments (thousand manats),Lerik,1.0,1.0,0.3,0.8,1.1,1.2
67,5.1,Income of hotels and similar establishments (thousand manats),Masally,1.5,1.1,0.4,0.8,1.1,2.2
67,5.1,Income of hotels and similar establishments (thousand manats),Mingachevir,1.0,1.8,0.3,0.8,1.6,1.8
67,5.1,Income of hotels and similar establishments (thousand manats),Naftalan,14.8,14.4,4.5,12.4,17.9,17.2
67,5.1,Income of hotels and similar establishments (thousand manats),Nakhchivan,1.3,1.8,0.4,1.0,1.1,1.2
67,5.1,Income of hotels and similar establishments (thousand manats),Neftchala,1.2,1.0,0.3,0.9,1.1,1.8
67,5.1,Income of hotels and similar establishments (thousand manats),Oghuz,1.0,1.0,0.4,0.8,1.4,1.2
67,5.1,Income of hotels and similar establishments (thousand manats),Ordubad,1.0,1.0,0.3,1.0,1.1,1.2
67,5.1,Income of hotels and similar establishments (thousand manats),Qabala,1.0,1.4,0.3,0.8,1.6,1.2
67,5.1,Income of hotels and similar establishments (thousand manats),Qakh,1.0,1.0,0.3,0.8,1.1,1.4
67,5.1,Income of hotels and similar establishments (thousand manats),Qazakh,1.0,1.2,0.6,0.8,1.2,1.2
67,5.1,Income of hotels and similar establishments (thousand manats),Quba,1.0,1.0,0.3,1.0,2.4,1.2
67,5.1,Income of hotels and similar establishments (thousand manats),Qubadli,7.7,7.9,2.5,6.6,9.9,7.0
67,5.1,Income of hotels and similar establishments (thousand manats),Qusar,1.0,1.0,0.4,0.8,1.1,1.5
67,5.1,Income of hotels and similar establishments (thousand manats),Saatly,1.1,1.0,0.3,0.8,1.2,1.2
67,5.1,Income of hotels and similar establishments (thousand manats),Sabirabad,1.2,1.0,0.3,0.8,1.1,1.2
67,5.1,Income of hotels and similar establishments (thousand manats),Salyan,1.4,1.0,0.3,1.0,2.1,1.2
67,5.1,Income of hotels and similar establishments (thousand manats),Samukh,1.2,1.0,0.3,1.1,1.1,1.8
67,5.1,Income of hotels and similar establishments (thousand manats),Sedarak,1.0,1.3,0.6,1.0,1.2,1.2
67,5.1,Income of hotels and similar establishments (thousand manats),Shabran,1.0,1.7,0.3,1.0,1.1,1.2
67,5.1,Income of hotels and similar establishments (thousand manats),Shahbuz,1.7,1.0,0.5,0.8,1.1,1.6
67,5.1,Income of hotels and similar establishments (thousand manats),Shaki,1.0,1.3,0.3,0.8,1.2,2.4
67,5.1,Income of hotels and similar establishments (thousand manats),Shamakhi,1.2,1.0,0.4,0.9,1.2,1.2
67,5.1,Income of hotels and similar establishments (thousand manats),Shamkir,1.1,1.5,0.3,1.4,1.1,1.2
67,5.1,Income of hotels and similar establishments (thousand manats),Sharur,1.5,1.0,0.4,0.8,1.1,1.4
67,5.1,Income of hotels and similar establishments (thousand manats),Shirvan,1.1,1.0,0.3,1.2,1.1,1.2
67,5.1,Income of hotels and similar establishments (thousand manats),Shusha,103.7,107.0,28.7,95.0,124.1,124.7
67,5.1,Income of hotels and similar establishments (thousand manats),Siazan,1.0,1.2,0.6,0.8,1.8,1.7
67,5.1,Income of hotels and similar establishments (thousand manats),Sumqayit,1.0,1.1,0.3,0.9,2.0,1.5
67,5.1,Income of hotels and similar establishments (thousand manats),Tartar,52.5,47.8,12.8,39.2,61.6,48.8
67,5.1,Income of hotels and similar establishments (thousand manats),Tovuz,1.0,1.1,0.3,0.8,1.1,1.2
67,5.1,Income of hotels and similar establishments (thousand manats),Ujar,1.0,1.4,0.3,0.8,1.1,1.6
67,5.1,Income of hotels and similar establishments (thousand manats),Yardimli,1.0,1.0,0.3,0.8,1.3,1.4
67,5.1,Income of hotels and similar establishments (thousand manats),Yevlakh,1.0,1.5,0.3,1.3,1.2,1.2
67,5.1,Income of hotels and similar establishments (thousand manats),Zangilan,1.0,1.0,0.5,0.8,1.1,1.7
67,5.1,Income of hotels and similar establishments (thousand manats),Zaqatala,1.0,1.5,0.5,0.8,1.4,1.2
67,5.1,Income of hotels and similar establishments (thousand manats),Zardab,1.4,1.1,0.4,0.8,1.1,1.5
70,5.11,Expenditures of hotels and similar establishments (thousand manats),Absheron,256.3,126.9,68.8,351.4,247.5,356.2
70,5.11,Expenditures of hotels and similar establishments (thousand manats),Agdam,12249.9,11539.0,1093.9,9902.6,17192.2,14468.4
70,5.11,Expenditures of hotels and similar establishments (thousand manats),Agdash,258.6,128.6,113.8,262.8,75.8,81.2
70,5.11,Expenditures of hotels and similar establishments (thousand manats),Aghjabadi,1358.6,1012.9,253.9,1405.2,4222.8,2558.1
70,5.11,Expenditures of hotels and similar establishments (thousand manats),Agstafa,496.7,393.6,112.7,286.6,662.3,97.3
70,5.11,Expenditures of hotels and similar establishments (thousand manats),Agsu,205.5,60.9,54.5,279.3,426.4,348.2
70,5.11,Expenditures of hotels and similar establishments (thousand manats),Astara,83.4,374.5,12.5,246.1,587.3,383.2
70,5.11,Expenditures of hotels and similar establishments (thousand manats),Babek,65.6,363.2,112.0,192.4,69.5,584.9
70,5.11,Expenditures of hotels and similar establishments (thousand manats),Baku,44.3,49.1,56.7,356.6,184.7,199.6
70,5.11,Expenditures of hotels and similar establishments (thousand manats),Balakan,339.8,499.0,176.8,278.2,151.9,101.8
70,5.11,Expenditures of hotels and similar establishments (thousand manats),Barda,5253.3,689.8,1265.1,985.4,3664.1,1678.9
70,5.11,Expenditures of hotels and similar establishments (thousand manats),Beylagan,13741.3,6374.1,3048.4,2802.6,7593.8,6529.1
70,5.11,Expenditures of hotels and similar establishments (thousand manats),Bilasuvar,99.4,366.6,46.9,315.6,256.7,158.0
70,5.11,Expenditures of hotels and similar establishments (thousand manats),Dashkasan,138.7,529.3,152.3,161.6,233.0,340.5
70,5.11,Expenditures of hotels and similar establishments (thousand manats),Fuzuli,26110.6,53502.1,20575.8,31120.7,20364.3,39237.2
70,5.11,Expenditures of hotels and similar establishments (thousand manats),Gadabay,500.5,366.2,43.1,49.8,130.5,469.5
70,5.11,Expenditures of hotels and similar establishments (thousand manats),Ganja,403.5,74.4,8.4,478.5,261.5,516.5
70,5.11,Expenditures of hotels and similar establishments (thousand manats),Goranboy,174.4,90.7,42.2,258.5,155.1,109.7
70,5.11,Expenditures of hotels and similar establishments (thousand manats),Goychay,449.7,239.1,155.9,138.4,409.5,455.9
70,5.11,Expenditures of hotels and similar establishments (thousand manats),Goygol,313.4,158.8,99.8,260.0,234.6,147.1
70,5.11,Expenditures of hotels and similar establishments (thousand manats),Hajigabul,235.3,350.6,23.2,26.9,43.3,303.7
70,5.11,Expenditures of hotels and similar establishments (thousand manats),Imishli,312.5,414.7,57.1,152.1,493.5,504.0
70,5.11,Expenditures of hotels and similar establishments (thousand manats),Ismayilli,391.2,261.7,83.7,103.0,288.1,190.8
70,5.11,Expenditures of hotels and similar establishments (thousand manats),Jabrayil,7176.8,6021.4,4689.5,27331.3,19734.1,18789.0
70,5.11,Expenditures of hotels and similar establishments (thousand manats),Jalilabad,300.4,408.8,86.1,366.2,66.1,203.3
70,5.11,Expenditures of hotels and similar establishments (thousand manats),Julfa,352.1,143.7,73.8,32.1,268.5,608.2
70,5.11,Expenditures of hotels and similar establishments (thousand manats),Kalbajar,255.4,554.4,74.4,255.0,603.2,101.9
70,5.11,Expenditures of hotels and similar establishments (thousand manats),Kangarli,341.0,47.8,131.6,52.2,75.8,47.7
70,5.11,Expenditures of hotels and similar establishments (thousand manats),Khachmaz,229.9,144.3,121.0,66.1,511.5,343.3
70,5.11,Expenditures of hotels and similar establishments (thousand manats),Khizi,121.8,183.2,68.1,46.6,340.3,344.3
70,5.11,Expenditures of hotels and similar establishments (thousand manats),Khojaly,21164.4,7887.2,8500.1,23742.7,7992.1,49366.9
70,5.11,Expenditures of hotels and similar establishments (thousand manats),Kurdamir,304.8,288.5,120.5,175.9,232.3,279.9
70,5.11,Expenditures of hotels and similar establishments (thousand manats),Lachin,9309.3,3697.8,698.2,4075.5,4714.5,1389.2
70,5.11,Expenditures of hotels and similar establishments (thousand manats),Lankaran,281.4,49.8,46.2,444.6,145.0,362.0
70,5.11,Expenditures of hotels and similar establishments (thousand manats),Lerik,297.4,75.2,25.9,359.2,472.2,369.2
70,5.11,Expenditures of hotels and similar establishments (thousand manats),Masally,363.3,541.2,87.4,114.5,78.0,135.5
70,5.11,Expenditures of hotels and similar establishments (thousand manats),Mingachevir,76.1,455.2,137.3,97.3,185.8,249.3
70,5.11,Expenditures of hotels and similar establishments (thousand manats),Naftalan,1196.2,3771.9,487.6,1952.6,1851.7,4185.4
70,5.11,Expenditures of hotels and similar establishments (thousand manats),Nakhchivan,94.6,224.6,121.0,106.3,78.3,379.5
70,5.11,Expenditures of hotels and similar establishments (thousand manats),Neftchala,173.7,380.9,29.0,55.3,325.7,213.9
70,5.11,Expenditures of hotels and similar establishments (thousand manats),Oghuz,393.4,547.2,27.8,142.3,178.0,145.9
70,5.11,Expenditures of hotels and similar establishments (thousand manats),Ordubad,390.8,144.4,67.7,288.8,408.9,368.8
70,5.11,Expenditures of hotels and similar establishments (thousand manats),Qabala,229.3,146.0,77.3,25.5,221.0,337.0
70,5.11,Expenditures of hotels and similar establishments (thousand manats),Qakh,205.6,369.2,55.0,372.0,71.3,278.3
70,5.11,Expenditures of hotels and similar establishments (thousand manats),Qazakh,606.5,192.2,197.5,233.0,96.7,204.1
70,5.11,Expenditures of hotels and similar establishments (thousand manats),Quba,209.5,249.2,72.4,113.4,276.7,596.6
70,5.11,Expenditures of hotels and similar establishments (thousand manats),Qubadli,2015.4,1278.3,102.7,765.9,4224.8,1878.3
70,5.11,Expenditures of hotels and similar establishments (thousand manats),Qusar,103.0,441.1,124.6,446.5,178.2,73.6
70,5.11,Expenditures of hotels and similar establishments (thousand manats),Saatly,491.8,340.2,19.5,185.2,139.3,281.9
70,5.11,Expenditures of hotels and similar establishments (thousand manats),Sabirabad,247.3,364.5,118.6,372.9,390.8,396.2
70,5.11,Expenditures of hotels and similar establishments (thousand manats),Salyan,512.7,182.8,65.5,213.0,157.2,577.4
70,5.11,Expenditures of hotels and similar establishments (thousand manats),Samukh,487.8,187.1,56.5,199.1,154.9,470.2
70,5.11,Expenditures of hotels and similar establishments (thousand manats),Sedarak,414.7,295.3,107.3,225.0,443.4,239.5
70,5.11,Expenditures of hotels and similar establishments (thousand manats),Shabran,67.5,253.2,160.9,341.4,208.2,155.0
70,5.11,Expenditures of hotels and similar establishments (thousand manats),Shahbuz,311.4,68.9,164.6,389.0,395.5,297.2
70,5.11,Expenditures of hotels and similar establishments (thousand manats),Shaki,122.5,185.9,120.3,155.4,284.4,272.5
70,5.11,Expenditures of hotels and similar establishments (thousand manats),Shamakhi,307.8,34.4,17.4,418.1,621.6,538.1
70,5.11,Expenditures of hotels and similar establishments (thousand manats),Shamkir,113.9,125.0,92.1,102.2,74.4,823.3
70,5.11,Expenditures of hotels and similar establishments (thousand manats),Sharur,229.1,239.1,38.1,262.9,463.2,188.3
70,5.11,Expenditures of hotels and similar establishments (thousand manats),Shirvan,156.4,55.6,93.8,280.9,146.1,250.0
70,5.11,Expenditures of hotels and similar establishments (thousand manats),Shusha,9707.7,45071.3,16687.0,12668.6,29133.4,35750.9
70,5.11,Expenditures of hotels and similar establishments (thousand manats),Siazan,266.1,383.3,99.6,135.7,101.3,186.6
70,5.11,Expenditures of hotels and similar establishments (thousand manats),Sumqayit,357.5,364.9,49.6,37.1,73.9,435.4
70,5.11,Expenditures of hotels and similar establishments (thousand manats),Tartar,17399.0,18100.7,4164.7,4633.0,12851.7,14873.6
70,5.11,Expenditures of hotels and similar establishments (thousand manats),Tovuz,344.7,334.5,91.7,322.2,63.0,492.2
70,5.11,Expenditures of hotels and similar establishments (thousand manats),Ujar,430.1,411.8,48.4,226.7,92.3,114.0
70,5.11,Expenditures of hotels and similar establishments (thousand manats),Yardimli,458.7,143.0,133.6,23.5,280.5,243.7
70,5.11,Expenditures of hotels and similar establishments (thousand manats),Yevlakh,406.8,441.2,78.3,165.4,171.6,390.1
70,5.11,Expenditures of hotels and similar establishments (thousand manats),Zangilan,144.1,111.9,124.8,37.0,508.6,322.6
70,5.11,Expenditures of hotels and similar establishments (thousand manats),Zaqatala,590.8,37.3,38.4,500.0,124.0,59.5
70,5.11,Expenditures of hotels and similar establishments (thousand manats),Zardab,31.7,171.5,116.9,194.1,546.0,270.6
73,5.12,Number of tourism companies (units),Absheron,1.0,0.0,0.0,1.0,1.0,0.0
73,5.12,Number of tourism companies (units),Agdam,11.0,9.0,11.0,9.0,9.0,9.0
73,5.12,Number of tourism companies (units),Agdash,0.0,0.0,0.0,0.0,0.0,0.0
73,5.12,Number of tourism companies (units),Aghjabadi,3.0,2.0,0.0,2.0,4.0,4.0
73,5.12,Number of tourism companies (units),Agstafa,0.0,0.0,1.0,1.0,0.0,2.0
73,5.12,Number of tourism companies (units),Agsu,0.0,1.0,2.0,0.0,0.0,1.0
73,5.12,Number of tourism companies (units),Astara,0.0,0.0,0.0,0.0,0.0,3.0
73,5.12,Number of tourism companies (units),Babek,0.0,1.0,1.0,0.0,2.0,0.0
73,5.12,Number of tourism companies (units),Baku,0.0,0.0,0.0,0.0,1.0,0.0
73,5.12,Number of tourism companies (units),Balakan,1.0,1.0,0.0,0.0,1.0,1.0
73,5.12,Number of tourism companies (units),Barda,5.0,5.0,3.0,3.0,2.0,1.0
73,5.12,Number of tourism companies (units),Beylagan,8.0,8.0,6.0,11.0,5.0,5.0
73,5.12,Number of tourism companies (units),Bilasuvar,0.0,1.0,1.0,0.0,2.0,0.0
73,5.12,Number of tourism companies (units),Dashkasan,1.0,1.0,0.0,0.0,0.0,0.0
73,5.12,Number of tourism companies (units),Fuzuli,31.0,35.0,25.0,37.0,29.0,24.0
73,5.12,Number of tourism companies (units),Gadabay,1.0,0.0,0.0,1.0,2.0,1.0
73,5.12,Number of tourism companies (units),Ganja,0.0,2.0,0.0,0.0,0.0,0.0
73,5.12,Number of tourism companies (units),Goranboy,0.0,0.0,1.0,0.0,0.0,1.0
73,5.12,Number of tourism companies (units),Goychay,0.0,0.0,1.0,3.0,0.0,0.0
73,5.12,Number of tourism companies (units),Goygol,1.0,0.0,1.0,0.0,0.0,0.0
73,5.12,Number of tourism companies (units),Hajigabul,1.0,0.0,0.0,1.0,0.0,1.0
73,5.12,Number of tourism companies (units),Imishli,1.0,1.0,0.0,0.0,1.0,1.0
73,5.12,Number of tourism companies (units),Ismayilli,0.0,0.0,1.0,3.0,1.0,0.0
73,5.12,Number of tourism companies (units),Jabrayil,20.0,19.0,14.0,18.0,11.0,14.0
73,5.12,Number of tourism companies (units),Jalilabad,1.0,1.0,1.0,0.0,1.0,1.0
73,5.12,Number of tourism companies (units),Julfa,0.0,0.0,0.0,2.0,0.0,0.0
73,5.12,Number of tourism companies (units),Kalbajar,1.0,0.0,1.0,0.0,1.0,0.0
73,5.12,Number of tourism companies (units),Kangarli,0.0,0.0,0.0,1.0,2.0,0.0
73,5.12,Number of tourism companies (units),Khachmaz,0.0,2.0,1.0,1.0,0.0,1.0
73,5.12,Number of tourism companies (units),Khizi,0.0,0.0,0.0,0.0,1.0,0.0
73,5.12,Number of tourism companies (units),Khojaly,24.0,21.0,28.0,24.0,31.0,26.0
73,5.12,Number of tourism companies (units),Kurdamir,2.0,0.0,0.0,1.0,0.0,2.0
73,5.12,Number of tourism companies (units),Lachin,10.0,8.0,9.0,10.0,7.0,7.0
73,5.12,Number of tourism companies (units),Lankaran,0.0,0.0,0.0,1.0,3.0,0.0
73,5.12,Number of tourism companies (units),Lerik,0.0,0.0,3.0,1.0,0.0,0.0
73,5.12,Number of tourism companies (units),Masally,0.0,0.0,0.0,0.0,1.0,1.0
73,5.12,Number of tourism companies (units),Mingachevir,2.0,0.0,0.0,0.0,1.0,0.0
73,5.12,Number of tourism companies (units),Naftalan,7.0,3.0,2.0,3.0,5.0,3.0
73,5.12,Number of tourism companies (units),Nakhchivan,1.0,0.0,0.0,0.0,1.0,0.0
73,5.12,Number of tourism companies (units),Neftchala,0.0,0.0,2.0,0.0,0.0,0.0
73,5.12,Number of tourism companies (units),Oghuz,0.0,1.0,0.0,0.0,1.0,0.0
73,5.12,Number of tourism companies (units),Ordubad,0.0,1.0,2.0,1.0,1.0,0.0
73,5.12,Number of tourism companies (units),Qabala,0.0,0.0,1.0,1.0,1.0,0.0
73,5.12,Number of tourism companies (units),Qakh,0.0,1.0,0.0,0.0,1.0,0.0
73,5.12,Number of tourism companies (units),Qazakh,0.0,2.0,0.0,0.0,0.0,0.0
73,5.12,Number of tourism companies (units),Quba,1.0,1.0,1.0,0.0,0.0,0.0
73,5.12,Number of tourism companies (units),Qubadli,4.0,2.0,5.0,4.0,2.0,3.0
73,5.12,Number of tourism companies (units),Qusar,0.0,0.0,0.0,0.0,0.0,0.0
73,5.12,Number of tourism companies (units),Saatly,0.0,0.0,0.0,1.0,1.0,0.0
73,5.12,Number of tourism companies (units),Sabirabad,1.0,0.0,1.0,1.0,0.0,0.0
73,5.12,Number of tourism companies (units),Salyan,0.0,2.0,0.0,1.0,0.0,0.0
73,5.12,Number of tourism companies (units),Samukh,0.0,2.0,0.0,0.0,0.0,0.0
73,5.12,Number of tourism companies (units),Sedarak,1.0,0.0,0.0,0.0,0.0,1.0
73,5.12,Number of tourism companies (units),Shabran,1.0,0.0,0.0,0.0,0.0,0.0
73,5.12,Number of tourism companies (units),Shahbuz,1.0,0.0,0.0,0.0,0.0,0.0
73,5.12,Number of tourism companies (units),Shaki,1.0,0.0,0.0,0.0,1.0,0.0
73,5.12,Number of tourism companies (units),Shamakhi,1.0,1.0,0.0,1.0,0.0,0.0
73,5.12,Number of tourism companies (units),Shamkir,0.0,0.0,2.0,0.0,0.0,0.0
73,5.12,Number of tourism companies (units),Sharur,0.0,0.0,1.0,0.0,0.0,1.0
73,5.12,Number of tourism companies (units),Shirvan,1.0,1.0,1.0,0.0,0.0,1.0
73,5.12,Number of tourism companies (units),Shusha,44.0,33.0,35.0,34.0,35.0,38.0
73,5.12,Number of tourism companies (units),Siazan,0.0,0.0,0.0,0.0,1.0,0.0
73,5.12,Number of tourism companies (units),Sumqayit,1.0,1.0,1.0,0.0,0.0,1.0
73,5.12,Number of tourism companies (units),Tartar,13.0,22.0,9.0,19.0,12.0,7.0
73,5.12,Number of tourism companies (units),Tovuz,0.0,0.0,1.0,1.0,0.0,1.0
73,5.12,Number of tourism companies (units),Ujar,0.0,0.0,0.0,0.0,1.0,1.0
73,5.12,Number of tourism companies (units),Yardimli,0.0,0.0,0.0,0.0,0.0,1.0
73,5.12,Number of tourism companies (units),Yevlakh,0.0,1.0,1.0,1.0,1.0,1.0
73,5.12,Number of tourism companies (units),Zangilan,0.0,0.0,0.0,1.0,1.0,1.0
73,5.12,Number of tourism companies (units),Zaqatala,2.0,1.0,0.0,0.0,0.0,1.0
73,5.12,Number of tourism companies (units),Zardab,0.0,0.0,2.0,1.0,0.0,0.0
