rayon_id,rayon_name,year,facilities,rooms,beds,total_guests,domestic_tourists,foreign_tourists,total_nights,domestic_nights,foreign_nights,occupancy_rate,avg_stay,revenue_azn,employees,travel_agencies,population,area_km2
absheron,Absheron,2005,,,,,,,,,,,,,,,,
absheron,Absheron,2010,,,,,,,,,,,,,,,,
absheron,Absheron,2015,,,,,,,,,,,,,,,,
absheron,Absheron,2019,,,,,,,,,,,,,,,,
absheron,Absheron,2020,,,,,,,,,,,,,,,,
absheron,Absheron,2021,,,,,,,,,,,,,,,,
absheron,Absheron,2022,,,,,,,,,,,,,,,,
absheron,Absheron,2023,,,,,,,,,,,,,,,,
absheron,Absheron,2024,,,,,,,,,,,,,,,,
absheron,Absheron,2025,,,,,,,,,,,,,,,,
agdam,Agdam,2005,,,,,,,,,,,,,,,,
agdam,Agdam,2010,,,,,,,,,,,,,,,,
agdam,Agdam,2015,,,,,,,,,,,,,,,,
agdam,Agdam,2019,,,,,,,,,,,,,,,,
agdam,Agdam,2020,,,,,,,,,,,,,,,,
agdam,Agdam,2021,,,,,,,,,,,,,,,,
agdam,Agdam,2022,,,,,,,,,,,,,,,,
agdam,Agdam,2023,,,,,,,,,,,,,,,,
agdam,Agdam,2024,,,,,,,,,,,,,,,,
agdam,Agdam,2025,,,,,,,,,,,,,,,,
agdash,Agdash,2005,,,,,,,,,,,,,,,,
agdash,Agdash,2010,,,,,,,,,,,,,,,,
agdash,Agdash,2015,,,,,,,,,,,,,,,,
agdash,Agdash,2019,,,,,,,,,,,,,,,,
agdash,Agdash,2020,,,,,,,,,,,,,,,,
agdash,Agdash,2021,,,,,,,,,,,,,,,,
agdash,Agdash,2022,,,,,,,,,,,,,,,,
agdash,Agdash,2023,,,,,,,,,,,,,,,,
agdash,Agdash,2024,,,,,,,,,,,,,,,,
agdash,Agdash,2025,,,,,,,,,,,,,,,,
aghjabadi,Aghjabadi,2005,,,,,,,,,,,,,,,,
aghjabadi,Aghjabadi,2010,,,,,,,,,,,,,,,,
aghjabadi,Aghjabadi,2015,,,,,,,,,,,,,,,,
aghjabadi,Aghjabadi,2019,,,,,,,,,,,,,,,,
aghjabadi,Aghjabadi,2020,,,,,,,,,,,,,,,,
aghjabadi,Aghjabadi,2021,,,,,,,,,,,,,,,,
aghjabadi,Aghjabadi,2022,,,,,,,,,,,,,,,,
aghjabadi,Aghjabadi,2023,,,,,,,,,,,,,,,,
aghjabadi,Aghjabadi,2024,,,,,,,,,,,,,,,,
aghjabadi,Aghjabadi,2025,,,,,,,,,,,,,,,,
agstafa,Agstafa,2005,,,,,,,,,,,,,,,,
agstafa,Agstafa,2010,,,,,,,,,,,,,,,,
agstafa,Agstafa,2015,,,,,,,,,,,,,,,,
agstafa,Agstafa,2019,,,,,,,,,,,,,,,,
agstafa,Agstafa,2020,,,,,,,,,,,,,,,,
agstafa,Agstafa,2021,,,,,,,,,,,,,,,,
agstafa,Agstafa,2022,,,,,,,,,,,,,,,,
agstafa,Agstafa,2023,,,,,,,,,,,,,,,,
agstafa,Agstafa,2024,,,,,,,,,,,,,,,,
agstafa,Agstafa,2025,,,,,,,,,,,,,,,,
agsu,Agsu,2005,,,,,,,,,,,,,,,,
agsu,Agsu,2010,,,,,,,,,,,,,,,,
agsu,Agsu,2015,,,,,,,,,,,,,,,,
agsu,Agsu,2019,,,,,,,,,,,,,,,,
agsu,Agsu,2020,,,,,,,,,,,,,,,,
agsu,Agsu,2021,,,,,,,,,,,,,,,,
agsu,Agsu,2022,,,,,,,,,,,,,,,,
agsu,Agsu,2023,,,,,,,,,,,,,,,,
agsu,Agsu,2024,,,,,,,,,,,,,,,,
agsu,Agsu,2025,,,,,,,,,,,,,,,,
astara,Astara,2005,,,,,,,,,,,,,,,,
astara,Astara,2010,,,,,,,,,,,,,,,,
astara,Astara,2015,,,,,,,,,,,,,,,,
astara,Astara,2019,,,,,,,,,,,,,,,,
astara,Astara,2020,,,,,,,,,,,,,,,,
astara,Astara,2021,,,,,,,,,,,,,,,,
astara,Astara,2022,,,,,,,,,,,,,,,,
astara,Astara,2023,,,,,,,,,,,,,,,,
astara,Astara,2024,,,,,,,,,,,,,,,,
astara,Astara,2025,,,,,,,,,,,,,,,,
babek,Babek,2005,,,,,,,,,,,,,,,,
babek,Babek,2010,,,,,,,,,,,,,,,,
babek,Babek,2015,,,,,,,,,,,,,,,,
babek,Babek,2019,,,,,,,,,,,,,,,,
babek,Babek,2020,,,,,,,,,,,,,,,,
babek,Babek,2021,,,,,,,,,,,,,,,,
babek,Babek,2022,,,,,,,,,,,,,,,,
babek,Babek,2023,,,,,,,,,,,,,,,,
babek,Babek,2024,,,,,,,,,,,,,,,,
babek,Babek,2025,,,,,,,,,,,,,,,,
baku,Baku,2005,,,,,,,,,,,,,,,,
baku,Baku,2010,,,,,,,,,,,,,,,,
baku,Baku,2015,,,,,,,,,,,,,,,,
baku,Baku,2019,,,,,,,,,,,,,,,,
baku,Baku,2020,,,,,,,,,,,,,,,,
baku,Baku,2021,,,,,,,,,,,,,,,,
baku,Baku,2022,,,,,,,,,,,,,,,,
baku,Baku,2023,,,,,,,,,,,,,,,,
baku,Baku,2024,,,,,,,,,,,,,,,,
baku,Baku,2025,,,,,,,,,,,,,,,,
balakan,Balakan,2005,,,,,,,,,,,,,,,,
balakan,Balakan,2010,,,,,,,,,,,,,,,,
balakan,Balakan,2015,,,,,,,,,,,,,,,,
balakan,Balakan,2019,,,,,,,,,,,,,,,,
balakan,Balakan,2020,,,,,,,,,,,,,,,,
balakan,Balakan,2021,,,,,,,,,,,,,,,,
balakan,Balakan,2022,,,,,,,,,,,,,,,,
balakan,Balakan,2023,,,,,,,,,,,,,,,,
balakan,Balakan,2024,,,,,,,,,,,,,,,,
balakan,Balakan,2025,,,,,,,,,,,,,,,,
barda,Barda,2005,,,,,,,,,,,,,,,,
barda,Barda,2010,,,,,,,,,,,,,,,,
barda,Barda,2015,,,,,,,,,,,,,,,,
barda,Barda,2019,,,,,,,,,,,,,,,,
barda,Barda,2020,,,,,,,,,,,,,,,,
barda,Barda,2021,,,,,,,,,,,,,,,,
barda,Barda,2022,,,,,,,,,,,,,,,,
barda,Barda,2023,,,,,,,,,,,,,,,,
barda,Barda,2024,,,,,,,,,,,,,,,,
barda,Barda,2025,,,,,,,,,,,,,,,,
beylagan,Beylagan,2005,,,,,,,,,,,,,,,,
beylagan,Beylagan,2010,,,,,,,,,,,,,,,,
beylagan,Beylagan,2015,,,,,,,,,,,,,,,,
beylagan,Beylagan,2019,,,,,,,,,,,,,,,,
beylagan,Beylagan,2020,,,,,,,,,,,,,,,,
beylagan,Beylagan,2021,,,,,,,,,,,,,,,,
beylagan,Beylagan,2022,,,,,,,,,,,,,,,,
beylagan,Beylagan,2023,,,,,,,,,,,,,,,,
beylagan,Beylagan,2024,,,,,,,,,,,,,,,,
beylagan,Beylagan,2025,,,,,,,,,,,,,,,,
bilasuvar,Bilasuvar,2005,,,,,,,,,,,,,,,,
bilasuvar,Bilasuvar,2010,,,,,,,,,,,,,,,,
bilasuvar,Bilasuvar,2015,,,,,,,,,,,,,,,,
bilasuvar,Bilasuvar,2019,,,,,,,,,,,,,,,,
bilasuvar,Bilasuvar,2020,,,,,,,,,,,,,,,,
bilasuvar,Bilasuvar,2021,,,,,,,,,,,,,,,,
bilasuvar,Bilasuvar,2022,,,,,,,,,,,,,,,,
bilasuvar,Bilasuvar,2023,,,,,,,,,,,,,,,,
bilasuvar,Bilasuvar,2024,,,,,,,,,,,,,,,,
bilasuvar,Bilasuvar,2025,,,,,,,,,,,,,,,,
dashkasan,Dashkasan,2005,,,,,,,,,,,,,,,,
dashkasan,Dashkasan,2010,,,,,,,,,,,,,,,,
dashkasan,Dashkasan,2015,,,,,,,,,,,,,,,,
dashkasan,Dashkasan,2019,,,,,,,,,,,,,,,,
dashkasan,Dashkasan,2020,,,,,,,,,,,,,,,,
dashkasan,Dashkasan,2021,,,,,,,,,,,,,,,,
dashkasan,Dashkasan,2022,,,,,,,,,,,,,,,,
dashkasan,Dashkasan,2023,,,,,,,,,,,,,,,,
dashkasan,Dashkasan,2024,,,,,,,,,,,,,,,,
dashkasan,Dashkasan,2025,,,,,,,,,,,,,,,,
fuzuli,Fuzuli,2005,,,,,,,,,,,,,,,,
fuzuli,Fuzuli,2010,,,,,,,,,,,,,,,,
fuzuli,Fuzuli,2015,,,,,,,,,,,,,,,,
fuzuli,Fuzuli,2019,,,,,,,,,,,,,,,,
fuzuli,Fuzuli,2020,,,,,,,,,,,,,,,,
fuzuli,Fuzuli,2021,,,,,,,,,,,,,,,,
fuzuli,Fuzuli,2022,,,,,,,,,,,,,,,,
fuzuli,Fuzuli,2023,,,,,,,,,,,,,,,,
fuzuli,Fuzuli,2024,,,,,,,,,,,,,,,,
fuzuli,Fuzuli,2025,,,,,,,,,,,,,,,,
gadabay,Gadabay,2005,,,,,,,,,,,,,,,,
gadabay,Gadabay,2010,,,,,,,,,,,,,,,,
gadabay,Gadabay,2015,,,,,,,,,,,,,,,,
gadabay,Gadabay,2019,,,,,,,,,,,,,,,,
gadabay,Gadabay,2020,,,,,,,,,,,,,,,,
gadabay,Gadabay,2021,,,,,,,,,,,,,,,,
gadabay,Gadabay,2022,,,,,,,,,,,,,,,,
gadabay,Gadabay,2023,,,,,,,,,,,,,,,,
gadabay,Gadabay,2024,,,,,,,,,,,,,,,,
gadabay,Gadabay,2025,,,,,,,,,,,,,,,,
ganja,Ganja,2005,,,,,,,,,,,,,,,,
ganja,Ganja,2010,,,,,,,,,,,,,,,,
ganja,Ganja,2015,,,,,,,,,,,,,,,,
ganja,Ganja,2019,,,,,,,,,,,,,,,,
ganja,Ganja,2020,,,,,,,,,,,,,,,,
ganja,Ganja,2021,,,,,,,,,,,,,,,,
ganja,Ganja,2022,,,,,,,,,,,,,,,,
ganja,Ganja,2023,,,,,,,,,,,,,,,,
ganja,Ganja,2024,,,,,,,,,,,,,,,,
ganja,Ganja,2025,,,,,,,,,,,,,,,,
goranboy,Goranboy,2005,,,,,,,,,,,,,,,,
goranboy,Goranboy,2010,,,,,,,,,,,,,,,,
goranboy,Goranboy,2015,,,,,,,,,,,,,,,,
goranboy,Goranboy,2019,,,,,,,,,,,,,,,,
goranboy,Goranboy,2020,,,,,,,,,,,,,,,,
goranboy,Goranboy,2021,,,,,,,,,,,,,,,,
goranboy,Goranboy,2022,,,,,,,,,,,,,,,,
goranboy,Goranboy,2023,,,,,,,,,,,,,,,,
goranboy,Goranboy,2024,,,,,,,,,,,,,,,,
goranboy,Goranboy,2025,,,,,,,,,,,,,,,,
goychay,Goychay,2005,,,,,,,,,,,,,,,,
goychay,Goychay,2010,,,,,,,,,,,,,,,,
goychay,Goychay,2015,,,,,,,,,,,,,,,,
goychay,Goychay,2019,,,,,,,,,,,,,,,,
goychay,Goychay,2020,,,,,,,,,,,,,,,,
goychay,Goychay,2021,,,,,,,,,,,,,,,,
goychay,Goychay,2022,,,,,,,,,,,,,,,,
goychay,Goychay,2023,,,,,,,,,,,,,,,,
goychay,Goychay,2024,,,,,,,,,,,,,,,,
goychay,Goychay,2025,,,,,,,,,,,,,,,,
goygol,Goygol,2005,,,,,,,,,,,,,,,,
goygol,Goygol,2010,,,,,,,,,,,,,,,,
goygol,Goygol,2015,,,,,,,,,,,,,,,,
goygol,Goygol,2019,,,,,,,,,,,,,,,,
goygol,Goygol,2020,,,,,,,,,,,,,,,,
goygol,Goygol,2021,,,,,,,,,,,,,,,,
goygol,Goygol,2022,,,,,,,,,,,,,,,,
goygol,Goygol,2023,,,,,,,,,,,,,,,,
goygol,Goygol,2024,,,,,,,,,,,,,,,,
goygol,Goygol,2025,,,,,,,,,,,,,,,,
hajigabul,Hajigabul,2005,,,,,,,,,,,,,,,,
hajigabul,Hajigabul,2010,,,,,,,,,,,,,,,,
hajigabul,Hajigabul,2015,,,,,,,,,,,,,,,,
hajigabul,Hajigabul,2019,,,,,,,,,,,,,,,,
hajigabul,Hajigabul,2020,,,,,,,,,,,,,,,,
hajigabul,Hajigabul,2021,,,,,,,,,,,,,,,,
hajigabul,Hajigabul,2022,,,,,,,,,,,,,,,,
hajigabul,Hajigabul,2023,,,,,,,,,,,,,,,,
hajigabul,Hajigabul,2024,,,,,,,,,,,,,,,,
hajigabul,Hajigabul,2025,,,,,,,,,,,,,,,,
imishli,Imishli,2005,,,,,,,,,,,,,,,,
imishli,Imishli,2010,,,,,,,,,,,,,,,,
imishli,Imishli,2015,,,,,,,,,,,,,,,,
imishli,Imishli,2019,,,,,,,,,,,,,,,,
imishli,Imishli,2020,,,,,,,,,,,,,,,,
imishli,Imishli,2021,,,,,,,,,,,,,,,,
imishli,Imishli,2022,,,,,,,,,,,,,,,,
imishli,Imishli,2023,,,,,,,,,,,,,,,,
imishli,Imishli,2024,,,,,,,,,,,,,,,,
imishli,Imishli,2025,,,,,,,,,,,,,,,,
ismayilli,Ismayilli,2005,,,,,,,,,,,,,,,,
ismayilli,Ismayilli,2010,,,,,,,,,,,,,,,,
ismayilli,Ismayilli,2015,,,,,,,,,,,,,,,,
ismayilli,Ismayilli,2019,,,,,,,,,,,,,,,,
ismayilli,Ismayilli,2020,,,,,,,,,,,,,,,,
ismayilli,Ismayilli,2021,,,,,,,,,,,,,,,,
ismayilli,Ismayilli,2022,,,,,,,,,,,,,,,,
ismayilli,Ismayilli,2023,,,,,,,,,,,,,,,,
ismayilli,Ismayilli,2024,,,,,,,,,,,,,,,,
ismayilli,Ismayilli,2025,,,,,,,,,,,,,,,,
jabrayil,Jabrayil,2005,,,,,,,,,,,,,,,,
jabrayil,Jabrayil,2010,,,,,,,,,,,,,,,,
jabrayil,Jabrayil,2015,,,,,,,,,,,,,,,,
jabrayil,Jabrayil,2019,,,,,,,,,,,,,,,,
jabrayil,Jabrayil,2020,,,,,,,,,,,,,,,,
jabrayil,Jabrayil,2021,,,,,,,,,,,,,,,,
jabrayil,Jabrayil,2022,,,,,,,,,,,,,,,,
jabrayil,Jabrayil,2023,,,,,,,,,,,,,,,,
jabrayil,Jabrayil,2024,,,,,,,,,,,,,,,,
jabrayil,Jabrayil,2025,,,,,,,,,,,,,,,,
jalilabad,Jalilabad,2005,,,,,,,,,,,,,,,,
jalilabad,Jalilabad,2010,,,,,,,,,,,,,,,,
jalilabad,Jalilabad,2015,,,,,,,,,,,,,,,,
jalilabad,Jalilabad,2019,,,,,,,,,,,,,,,,
jalilabad,Jalilabad,2020,,,,,,,,,,,,,,,,
jalilabad,Jalilabad,2021,,,,,,,,,,,,,,,,
jalilabad,Jalilabad,2022,,,,,,,,,,,,,,,,
jalilabad,Jalilabad,2023,,,,,,,,,,,,,,,,
jalilabad,Jalilabad,2024,,,,,,,,,,,,,,,,
jalilabad,Jalilabad,2025,,,,,,,,,,,,,,,,
julfa,Julfa,2005,,,,,,,,,,,,,,,,
julfa,Julfa,2010,,,,,,,,,,,,,,,,
julfa,Julfa,2015,,,,,,,,,,,,,,,,
julfa,Julfa,2019,,,,,,,,,,,,,,,,
julfa,Julfa,2020,,,,,,,,,,,,,,,,
julfa,Julfa,2021,,,,,,,,,,,,,,,,
julfa,Julfa,2022,,,,,,,,,,,,,,,,
julfa,Julfa,2023,,,,,,,,,,,,,,,,
julfa,Julfa,2024,,,,,,,,,,,,,,,,
julfa,Julfa,2025,,,,,,,,,,,,,,,,
kalbajar,Kalbajar,2005,,,,,,,,,,,,,,,,
kalbajar,Kalbajar,2010,,,,,,,,,,,,,,,,
kalbajar,Kalbajar,2015,,,,,,,,,,,,,,,,
kalbajar,Kalbajar,2019,,,,,,,,,,,,,,,,
kalbajar,Kalbajar,2020,,,,,,,,,,,,,,,,
kalbajar,Kalbajar,2021,,,,,,,,,,,,,,,,
kalbajar,Kalbajar,2022,,,,,,,,,,,,,,,,
kalbajar,Kalbajar,2023,,,,,,,,,,,,,,,,
kalbajar,Kalbajar,2024,,,,,,,,,,,,,,,,
kalbajar,Kalbajar,2025,,,,,,,,,,,,,,,,
khachmaz,Khachmaz,2005,,,,,,,,,,,,,,,,
khachmaz,Khachmaz,2010,,,,,,,,,,,,,,,,
khachmaz,Khachmaz,2015,,,,,,,,,,,,,,,,
khachmaz,Khachmaz,2019,,,,,,,,,,,,,,,,
khachmaz,Khachmaz,2020,,,,,,,,,,,,,,,,
khachmaz,Khachmaz,2021,,,,,,,,,,,,,,,,
khachmaz,Khachmaz,2022,,,,,,,,,,,,,,,,
khachmaz,Khachmaz,2023,,,,,,,,,,,,,,,,
khachmaz,Khachmaz,2024,,,,,,,,,,,,,,,,
khachmaz,Khachmaz,2025,,,,,,,,,,,,,,,,
khizi,Khizi,2005,,,,,,,,,,,,,,,,
khizi,Khizi,2010,,,,,,,,,,,,,,,,
khizi,Khizi,2015,,,,,,,,,,,,,,,,
khizi,Khizi,2019,,,,,,,,,,,,,,,,
khizi,Khizi,2020,,,,,,,,,,,,,,,,
khizi,Khizi,2021,,,,,,,,,,,,,,,,
khizi,Khizi,2022,,,,,,,,,,,,,,,,
khizi,Khizi,2023,,,,,,,,,,,,,,,,
khizi,Khizi,2024,,,,,,,,,,,,,,,,
khizi,Khizi,2025,,,,,,,,,,,,,,,,
khojaly,Khojaly,2005,,,,,,,,,,,,,,,,
khojaly,Khojaly,2010,,,,,,,,,,,,,,,,
khojaly,Khojaly,2015,,,,,,,,,,,,,,,,
khojaly,Khojaly,2019,,,,,,,,,,,,,,,,
khojaly,Khojaly,2020,,,,,,,,,,,,,,,,
khojaly,Khojaly,2021,,,,,,,,,,,,,,,,
khojaly,Khojaly,2022,,,,,,,,,,,,,,,,
khojaly,Khojaly,2023,,,,,,,,,,,,,,,,
khojaly,Khojaly,2024,,,,,,,,,,,,,,,,
khojaly,Khojaly,2025,,,,,,,,,,,,,,,,
kurdamir,Kurdamir,2005,,,,,,,,,,,,,,,,
kurdamir,Kurdamir,2010,,,,,,,,,,,,,,,,
kurdamir,Kurdamir,2015,,,,,,,,,,,,,,,,
kurdamir,Kurdamir,2019,,,,,,,,,,,,,,,,
kurdamir,Kurdamir,2020,,,,,,,,,,,,,,,,
kurdamir,Kurdamir,2021,,,,,,,,,,,,,,,,
kurdamir,Kurdamir,2022,,,,,,,,,,,,,,,,
kurdamir,Kurdamir,2023,,,,,,,,,,,,,,,,
kurdamir,Kurdamir,2024,,,,,,,,,,,,,,,,
kurdamir,Kurdamir,2025,,,,,,,,,,,,,,,,
lachin,Lachin,2005,,,,,,,,,,,,,,,,
lachin,Lachin,2010,,,,,,,,,,,,,,,,
lachin,Lachin,2015,,,,,,,,,,,,,,,,
lachin,Lachin,2019,,,,,,,,,,,,,,,,
lachin,Lachin,2020,,,,,,,,,,,,,,,,
lachin,Lachin,2021,,,,,,,,,,,,,,,,
lachin,Lachin,2022,,,,,,,,,,,,,,,,
lachin,Lachin,2023,,,,,,,,,,,,,,,,
lachin,Lachin,2024,,,,,,,,,,,,,,,,
lachin,Lachin,2025,,,,,,,,,,,,,,,,
lankaran,Lankaran,2005,,,,,,,,,,,,,,,,
lankaran,Lankaran,2010,,,,,,,,,,,,,,,,
lankaran,Lankaran,2015,,,,,,,,,,,,,,,,
lankaran,Lankaran,2019,,,,,,,,,,,,,,,,
lankaran,Lankaran,2020,,,,,,,,,,,,,,,,
lankaran,Lankaran,2021,,,,,,,,,,,,,,,,
lankaran,Lankaran,2022,,,,,,,,,,,,,,,,
lankaran,Lankaran,2023,,,,,,,,,,,,,,,,
lankaran,Lankaran,2024,,,,,,,,,,,,,,,,
lankaran,Lankaran,2025,,,,,,,,,,,,,,,,
lerik,Lerik,2005,,,,,,,,,,,,,,,,
lerik,Lerik,2010,,,,,,,,,,,,,,,,
lerik,Lerik,2015,,,,,,,,,,,,,,,,
lerik,Lerik,2019,,,,,,,,,,,,,,,,
lerik,Lerik,2020,,,,,,,,,,,,,,,,
lerik,Lerik,2021,,,,,,,,,,,,,,,,
lerik,Lerik,2022,,,,,,,,,,,,,,,,
lerik,Lerik,2023,,,,,,,,,,,,,,,,
lerik,Lerik,2024,,,,,,,,,,,,,,,,
lerik,Lerik,2025,,,,,,,,,,,,,,,,
masally,Masally,2005,,,,,,,,,,,,,,,,
masally,Masally,2010,,,,,,,,,,,,,,,,
masally,Masally,2015,,,,,,,,,,,,,,,,
masally,Masally,2019,,,,,,,,,,,,,,,,
masally,Masally,2020,,,,,,,,,,,,,,,,
masally,Masally,2021,,,,,,,,,,,,,,,,
masally,Masally,2022,,,,,,,,,,,,,,,,
masally,Masally,2023,,,,,,,,,,,,,,,,
masally,Masally,2024,,,,,,,,,,,,,,,,
masally,Masally,2025,,,,,,,,,,,,,,,,
mingachevir,Mingachevir,2005,,,,,,,,,,,,,,,,
mingachevir,Mingachevir,2010,,,,,,,,,,,,,,,,
mingachevir,Mingachevir,2015,,,,,,,,,,,,,,,,
mingachevir,Mingachevir,2019,,,,,,,,,,,,,,,,
mingachevir,Mingachevir,2020,,,,,,,,,,,,,,,,
mingachevir,Mingachevir,2021,,,,,,,,,,,,,,,,
mingachevir,Mingachevir,2022,,,,,,,,,,,,,,,,
mingachevir,Mingachevir,2023,,,,,,,,,,,,,,,,
mingachevir,Mingachevir,2024,,,,,,,,,,,,,,,,
mingachevir,Mingachevir,2025,,,,,,,,,,,,,,,,
naftalan,Naftalan,2005,,,,,,,,,,,,,,,,
naftalan,Naftalan,2010,,,,,,,,,,,,,,,,
naftalan,Naftalan,2015,,,,,,,,,,,,,,,,
naftalan,Naftalan,2019,,,,,,,,,,,,,,,,
naftalan,Naftalan,2020,,,,,,,,,,,,,,,,
naftalan,Naftalan,2021,,,,,,,,,,,,,,,,
naftalan,Naftalan,2022,,,,,,,,,,,,,,,,
naftalan,Naftalan,2023,,,,,,,,,,,,,,,,
naftalan,Naftalan,2024,,,,,,,,,,,,,,,,
naftalan,Naftalan,2025,,,,,,,,,,,,,,,,
nakhchivan,Nakhchivan,2005,,,,,,,,,,,,,,,,
nakhchivan,Nakhchivan,2010,,,,,,,,,,,,,,,,
nakhchivan,Nakhchivan,2015,,,,,,,,,,,,,,,,
nakhchivan,Nakhchivan,2019,,,,,,,,,,,,,,,,
nakhchivan,Nakhchivan,2020,,,,,,,,,,,,,,,,
nakhchivan,Nakhchivan,2021,,,,,,,,,,,,,,,,
nakhchivan,Nakhchivan,2022,,,,,,,,,,,,,,,,
nakhchivan,Nakhchivan,2023,,,,,,,,,,,,,,,,
nakhchivan,Nakhchivan,2024,,,,,,,,,,,,,,,,
nakhchivan,Nakhchivan,2025,,,,,,,,,,,,,,,,
neftchala,Neftchala,2005,,,,,,,,,,,,,,,,
neftchala,Neftchala,2010,,,,,,,,,,,,,,,,
neftchala,Neftchala,2015,,,,,,,,,,,,,,,,
neftchala,Neftchala,2019,,,,,,,,,,,,,,,,
neftchala,Neftchala,2020,,,,,,,,,,,,,,,,
neftchala,Neftchala,2021,,,,,,,,,,,,,,,,
neftchala,Neftchala,2022,,,,,,,,,,,,,,,,
neftchala,Neftchala,2023,,,,,,,,,,,,,,,,
neftchala,Neftchala,2024,,,,,,,,,,,,,,,,
neftchala,Neftchala,2025,,,,,,,,,,,,,,,,
oghuz,Oghuz,2005,,,,,,,,,,,,,,,,
oghuz,Oghuz,2010,,,,,,,,,,,,,,,,
oghuz,Oghuz,2015,,,,,,,,,,,,,,,,
oghuz,Oghuz,2019,,,,,,,,,,,,,,,,
oghuz,Oghuz,2020,,,,,,,,,,,,,,,,
oghuz,Oghuz,2021,,,,,,,,,,,,,,,,
oghuz,Oghuz,2022,,,,,,,,,,,,,,,,
oghuz,Oghuz,2023,,,,,,,,,,,,,,,,
oghuz,Oghuz,2024,,,,,,,,,,,,,,,,
oghuz,Oghuz,2025,,,,,,,,,,,,,,,,
ordubad,Ordubad,2005,,,,,,,,,,,,,,,,
ordubad,Ordubad,2010,,,,,,,,,,,,,,,,
ordubad,Ordubad,2015,,,,,,,,,,,,,,,,
ordubad,Ordubad,2019,,,,,,,,,,,,,,,,
ordubad,Ordubad,2020,,,,,,,,,,,,,,,,
ordubad,Ordubad,2021,,,,,,,,,,,,,,,,
ordubad,Ordubad,2022,,,,,,,,,,,,,,,,
ordubad,Ordubad,2023,,,,,,,,,,,,,,,,
ordubad,Ordubad,2024,,,,,,,,,,,,,,,,
ordubad,Ordubad,2025,,,,,,,,,,,,,,,,
qabala,Qabala,2005,,,,,,,,,,,,,,,,
qabala,Qabala,2010,,,,,,,,,,,,,,,,
qabala,Qabala,2015,,,,,,,,,,,,,,,,
qabala,Qabala,2019,,,,,,,,,,,,,,,,
qabala,Qabala,2020,,,,,,,,,,,,,,,,
qabala,Qabala,2021,,,,,,,,,,,,,,,,
qabala,Qabala,2022,,,,,,,,,,,,,,,,
qabala,Qabala,2023,,,,,,,,,,,,,,,,
qabala,Qabala,2024,,,,,,,,,,,,,,,,
qabala,Qabala,2025,,,,,,,,,,,,,,,,
qakh,Qakh,2005,,,,,,,,,,,,,,,,
qakh,Qakh,2010,,,,,,,,,,,,,,,,
qakh,Qakh,2015,,,,,,,,,,,,,,,,
qakh,Qakh,2019,,,,,,,,,,,,,,,,
qakh,Qakh,2020,,,,,,,,,,,,,,,,
qakh,Qakh,2021,,,,,,,,,,,,,,,,
qakh,Qakh,2022,,,,,,,,,,,,,,,,
qakh,Qakh,2023,,,,,,,,,,,,,,,,
qakh,Qakh,2024,,,,,,,,,,,,,,,,
qakh,Qakh,2025,,,,,,,,,,,,,,,,
qazakh,Qazakh,2005,,,,,,,,,,,,,,,,
qazakh,Qazakh,2010,,,,,,,,,,,,,,,,
qazakh,Qazakh,2015,,,,,,,,,,,,,,,,
qazakh,Qazakh,2019,,,,,,,,,,,,,,,,
qazakh,Qazakh,2020,,,,,,,,,,,,,,,,
qazakh,Qazakh,2021,,,,,,,,,,,,,,,,
qazakh,Qazakh,2022,,,,,,,,,,,,,,,,
qazakh,Qazakh,2023,,,,,,,,,,,,,,,,
qazakh,Qazakh,2024,,,,,,,,,,,,,,,,
qazakh,Qazakh,2025,,,,,,,,,,,,,,,,
quba,Quba,2005,,,,,,,,,,,,,,,,
quba,Quba,2010,,,,,,,,,,,,,,,,
quba,Quba,2015,,,,,,,,,,,,,,,,
quba,Quba,2019,,,,,,,,,,,,,,,,
quba,Quba,2020,,,,,,,,,,,,,,,,
quba,Quba,2021,,,,,,,,,,,,,,,,
quba,Quba,2022,,,,,,,,,,,,,,,,
quba,Quba,2023,,,,,,,,,,,,,,,,
quba,Quba,2024,,,,,,,,,,,,,,,,
quba,Quba,2025,,,,,,,,,,,,,,,,
qubadli,Qubadli,2005,,,,,,,,,,,,,,,,
qubadli,Qubadli,2010,,,,,,,,,,,,,,,,
qubadli,Qubadli,2015,,,,,,,,,,,,,,,,
qubadli,Qubadli,2019,,,,,,,,,,,,,,,,
qubadli,Qubadli,2020,,,,,,,,,,,,,,,,
qubadli,Qubadli,2021,,,,,,,,,,,,,,,,
qubadli,Qubadli,2022,,,,,,,,,,,,,,,,
qubadli,Qubadli,2023,,,,,,,,,,,,,,,,
qubadli,Qubadli,2024,,,,,,,,,,,,,,,,
qubadli,Qubadli,2025,,,,,,,,,,,,,,,,
qusar,Qusar,2005,,,,,,,,,,,,,,,,
qusar,Qusar,2010,,,,,,,,,,,,,,,,
qusar,Qusar,2015,,,,,,,,,,,,,,,,
qusar,Qusar,2019,,,,,,,,,,,,,,,,
qusar,Qusar,2020,,,,,,,,,,,,,,,,
qusar,Qusar,2021,,,,,,,,,,,,,,,,
qusar,Qusar,2022,,,,,,,,,,,,,,,,
qusar,Qusar,2023,,,,,,,,,,,,,,,,
qusar,Qusar,2024,,,,,,,,,,,,,,,,
qusar,Qusar,2025,,,,,,,,,,,,,,,,
saatly,Saatly,2005,,,,,,,,,,,,,,,,
saatly,Saatly,2010,,,,,,,,,,,,,,,,
saatly,Saatly,2015,,,,,,,,,,,,,,,,
saatly,Saatly,2019,,,,,,,,,,,,,,,,
saatly,Saatly,2020,,,,,,,,,,,,,,,,
saatly,Saatly,2021,,,,,,,,,,,,,,,,
saatly,Saatly,2022,,,,,,,,,,,,,,,,
saatly,Saatly,2023,,,,,,,,,,,,,,,,
saatly,Saatly,2024,,,,,,,,,,,,,,,,
saatly,Saatly,2025,,,,,,,,,,,,,,,,
sabirabad,Sabirabad,2005,,,,,,,,,,,,,,,,
sabirabad,Sabirabad,2010,,,,,,,,,,,,,,,,
sabirabad,Sabirabad,2015,,,,,,,,,,,,,,,,
sabirabad,Sabirabad,2019,,,,,,,,,,,,,,,,
sabirabad,Sabirabad,2020,,,,,,,,,,,,,,,,
sabirabad,Sabirabad,2021,,,,,,,,,,,,,,,,
sabirabad,Sabirabad,2022,,,,,,,,,,,,,,,,
sabirabad,Sabirabad,2023,,,,,,,,,,,,,,,,
sabirabad,Sabirabad,2024,,,,,,,,,,,,,,,,
sabirabad,Sabirabad,2025,,,,,,,,,,,,,,,,
salyan,Salyan,2005,,,,,,,,,,,,,,,,
salyan,Salyan,2010,,,,,,,,,,,,,,,,
salyan,Salyan,2015,,,,,,,,,,,,,,,,
salyan,Salyan,2019,,,,,,,,,,,,,,,,
salyan,Salyan,2020,,,,,,,,,,,,,,,,
salyan,Salyan,2021,,,,,,,,,,,,,,,,
salyan,Salyan,2022,,,,,,,,,,,,,,,,
salyan,Salyan,2023,,,,,,,,,,,,,,,,
salyan,Salyan,2024,,,,,,,,,,,,,,,,
salyan,Salyan,2025,,,,,,,,,,,,,,,,
samukh,Samukh,2005,,,,,,,,,,,,,,,,
samukh,Samukh,2010,,,,,,,,,,,,,,,,
samukh,Samukh,2015,,,,,,,,,,,,,,,,
samukh,Samukh,2019,,,,,,,,,,,,,,,,
samukh,Samukh,2020,,,,,,,,,,,,,,,,
samukh,Samukh,2021,,,,,,,,,,,,,,,,
samukh,Samukh,2022,,,,,,,,,,,,,,,,
samukh,Samukh,2023,,,,,,,,,,,,,,,,
samukh,Samukh,2024,,,,,,,,,,,,,,,,
samukh,Samukh,2025,,,,,,,,,,,,,,,,
shabran,Shabran,2005,,,,,,,,,,,,,,,,
shabran,Shabran,2010,,,,,,,,,,,,,,,,
shabran,Shabran,2015,,,,,,,,,,,,,,,,
shabran,Shabran,2019,,,,,,,,,,,,,,,,
shabran,Shabran,2020,,,,,,,,,,,,,,,,
shabran,Shabran,2021,,,,,,,,,,,,,,,,
shabran,Shabran,2022,,,,,,,,,,,,,,,,
shabran,Shabran,2023,,,,,,,,,,,,,,,,
shabran,Shabran,2024,,,,,,,,,,,,,,,,
shabran,Shabran,2025,,,,,,,,,,,,,,,,
shahbuz,Shahbuz,2005,,,,,,,,,,,,,,,,
shahbuz,Shahbuz,2010,,,,,,,,,,,,,,,,
shahbuz,Shahbuz,2015,,,,,,,,,,,,,,,,
shahbuz,Shahbuz,2019,,,,,,,,,,,,,,,,
shahbuz,Shahbuz,2020,,,,,,,,,,,,,,,,
shahbuz,Shahbuz,2021,,,,,,,,,,,,,,,,
shahbuz,Shahbuz,2022,,,,,,,,,,,,,,,,
shahbuz,Shahbuz,2023,,,,,,,,,,,,,,,,
shahbuz,Shahbuz,2024,,,,,,,,,,,,,,,,
shahbuz,Shahbuz,2025,,,,,,,,,,,,,,,,
shaki,Shaki,2005,,,,,,,,,,,,,,,,
shaki,Shaki,2010,,,,,,,,,,,,,,,,
shaki,Shaki,2015,,,,,,,,,,,,,,,,
shaki,Shaki,2019,,,,,,,,,,,,,,,,
shaki,Shaki,2020,,,,,,,,,,,,,,,,
shaki,Shaki,2021,,,,,,,,,,,,,,,,
shaki,Shaki,2022,,,,,,,,,,,,,,,,
shaki,Shaki,2023,,,,,,,,,,,,,,,,
shaki,Shaki,2024,,,,,,,,,,,,,,,,
shaki,Shaki,2025,,,,,,,,,,,,,,,,
shamakhi,Shamakhi,2005,,,,,,,,,,,,,,,,
shamakhi,Shamakhi,2010,,,,,,,,,,,,,,,,
shamakhi,Shamakhi,2015,,,,,,,,,,,,,,,,
shamakhi,Shamakhi,2019,,,,,,,,,,,,,,,,
shamakhi,Shamakhi,2020,,,,,,,,,,,,,,,,
shamakhi,Shamakhi,2021,,,,,,,,,,,,,,,,
shamakhi,Shamakhi,2022,,,,,,,,,,,,,,,,
shamakhi,Shamakhi,2023,,,,,,,,,,,,,,,,
shamakhi,Shamakhi,2024,,,,,,,,,,,,,,,,
shamakhi,Shamakhi,2025,,,,,,,,,,,,,,,,
shamkir,Shamkir,2005,,,,,,,,,,,,,,,,
shamkir,Shamkir,2010,,,,,,,,,,,,,,,,
shamkir,Shamkir,2015,,,,,,,,,,,,,,,,
shamkir,Shamkir,2019,,,,,,,,,,,,,,,,
shamkir,Shamkir,2020,,,,,,,,,,,,,,,,
shamkir,Shamkir,2021,,,,,,,,,,,,,,,,
shamkir,Shamkir,2022,,,,,,,,,,,,,,,,
shamkir,Shamkir,2023,,,,,,,,,,,,,,,,
shamkir,Shamkir,2024,,,,,,,,,,,,,,,,
shamkir,Shamkir,2025,,,,,,,,,,,,,,,,
sharur,Sharur,2005,,,,,,,,,,,,,,,,
sharur,Sharur,2010,,,,,,,,,,,,,,,,
sharur,Sharur,2015,,,,,,,,,,,,,,,,
sharur,Sharur,2019,,,,,,,,,,,,,,,,
sharur,Sharur,2020,,,,,,,,,,,,,,,,
sharur,Sharur,2021,,,,,,,,,,,,,,,,
sharur,Sharur,2022,,,,,,,,,,,,,,,,
sharur,Sharur,2023,,,,,,,,,,,,,,,,
sharur,Sharur,2024,,,,,,,,,,,,,,,,
sharur,Sharur,2025,,,,,,,,,,,,,,,,
shirvan,Shirvan,2005,,,,,,,,,,,,,,,,
shirvan,Shirvan,2010,,,,,,,,,,,,,,,,
shirvan,Shirvan,2015,,,,,,,,,,,,,,,,
shirvan,Shirvan,2019,,,,,,,,,,,,,,,,
shirvan,Shirvan,2020,,,,,,,,,,,,,,,,
shirvan,Shirvan,2021,,,,,,,,,,,,,,,,
shirvan,Shirvan,2022,,,,,,,,,,,,,,,,
shirvan,Shirvan,2023,,,,,,,,,,,,,,,,
shirvan,Shirvan,2024,,,,,,,,,,,,,,,,
shirvan,Shirvan,2025,,,,,,,,,,,,,,,,
shusha,Shusha,2005,,,,,,,,,,,,,,,,
shusha,Shusha,2010,,,,,,,,,,,,,,,,
shusha,Shusha,2015,,,,,,,,,,,,,,,,
shusha,Shusha,2019,,,,,,,,,,,,,,,,
shusha,Shusha,2020,,,,,,,,,,,,,,,,
shusha,Shusha,2021,,,,,,,,,,,,,,,,
shusha,Shusha,2022,,,,,,,,,,,,,,,,
shusha,Shusha,2023,,,,,,,,,,,,,,,,
shusha,Shusha,2024,,,,,,,,,,,,,,,,
shusha,Shusha,2025,,,,,,,,,,,,,,,,
siazan,Siazan,2005,,,,,,,,,,,,,,,,
siazan,Siazan,2010,,,,,,,,,,,,,,,,
siazan,Siazan,2015,,,,,,,,,,,,,,,,
siazan,Siazan,2019,,,,,,,,,,,,,,,,
siazan,Siazan,2020,,,,,,,,,,,,,,,,
siazan,Siazan,2021,,,,,,,,,,,,,,,,
siazan,Siazan,2022,,,,,,,,,,,,,,,,
siazan,Siazan,2023,,,,,,,,,,,,,,,,
siazan,Siazan,2024,,,,,,,,,,,,,,,,
siazan,Siazan,2025,,,,,,,,,,,,,,,,
sumqayit,Sumqayit,2005,,,,,,,,,,,,,,,,
sumqayit,Sumqayit,2010,,,,,,,,,,,,,,,,
sumqayit,Sumqayit,2015,,,,,,,,,,,,,,,,
sumqayit,Sumqayit,2019,,,,,,,,,,,,,,,,
sumqayit,Sumqayit,2020,,,,,,,,,,,,,,,,
sumqayit,Sumqayit,2021,,,,,,,,,,,,,,,,
sumqayit,Sumqayit,2022,,,,,,,,,,,,,,,,
sumqayit,Sumqayit,2023,,,,,,,,,,,,,,,,
sumqayit,Sumqayit,2024,,,,,,,,,,,,,,,,
sumqayit,Sumqayit,2025,,,,,,,,,,,,,,,,
tartar,Tartar,2005,,,,,,,,,,,,,,,,
tartar,Tartar,2010,,,,,,,,,,,,,,,,
tartar,Tartar,2015,,,,,,,,,,,,,,,,
tartar,Tartar,2019,,,,,,,,,,,,,,,,
tartar,Tartar,2020,,,,,,,,,,,,,,,,
tartar,Tartar,2021,,,,,,,,,,,,,,,,
tartar,Tartar,2022,,,,,,,,,,,,,,,,
tartar,Tartar,2023,,,,,,,,,,,,,,,,
tartar,Tartar,2024,,,,,,,,,,,,,,,,
tartar,Tartar,2025,,,,,,,,,,,,,,,,
tovuz,Tovuz,2005,,,,,,,,,,,,,,,,
tovuz,Tovuz,2010,,,,,,,,,,,,,,,,
tovuz,Tovuz,2015,,,,,,,,,,,,,,,,
tovuz,Tovuz,2019,,,,,,,,,,,,,,,,
tovuz,Tovuz,2020,,,,,,,,,,,,,,,,
tovuz,Tovuz,2021,,,,,,,,,,,,,,,,
tovuz,Tovuz,2022,,,,,,,,,,,,,,,,
tovuz,Tovuz,2023,,,,,,,,,,,,,,,,
tovuz,Tovuz,2024,,,,,,,,,,,,,,,,
tovuz,Tovuz,2025,,,,,,,,,,,,,,,,
ujar,Ujar,2005,,,,,,,,,,,,,,,,
ujar,Ujar,2010,,,,,,,,,,,,,,,,
ujar,Ujar,2015,,,,,,,,,,,,,,,,
ujar,Ujar,2019,,,,,,,,,,,,,,,,
ujar,Ujar,2020,,,,,,,,,,,,,,,,
ujar,Ujar,2021,,,,,,,,,,,,,,,,
ujar,Ujar,2022,,,,,,,,,,,,,,,,
ujar,Ujar,2023,,,,,,,,,,,,,,,,
ujar,Ujar,2024,,,,,,,,,,,,,,,,
ujar,Ujar,2025,,,,,,,,,,,,,,,,
yardimli,Yardimli,2005,,,,,,,,,,,,,,,,
yardimli,Yardimli,2010,,,,,,,,,,,,,,,,
yardimli,Yardimli,2015,,,,,,,,,,,,,,,,
yardimli,Yardimli,2019,,,,,,,,,,,,,,,,
yardimli,Yardimli,2020,,,,,,,,,,,,,,,,
yardimli,Yardimli,2021,,,,,,,,,,,,,,,,
yardimli,Yardimli,2022,,,,,,,,,,,,,,,,
yardimli,Yardimli,2023,,,,,,,,,,,,,,,,
yardimli,Yardimli,2024,,,,,,,,,,,,,,,,
yardimli,Yardimli,2025,,,,,,,,,,,,,,,,
yevlakh,Yevlakh,2005,,,,,,,,,,,,,,,,
yevlakh,Yevlakh,2010,,,,,,,,,,,,,,,,
yevlakh,Yevlakh,2015,,,,,,,,,,,,,,,,
yevlakh,Yevlakh,2019,,,,,,,,,,,,,,,,
yevlakh,Yevlakh,2020,,,,,,,,,,,,,,,,
yevlakh,Yevlakh,2021,,,,,,,,,,,,,,,,
yevlakh,Yevlakh,2022,,,,,,,,,,,,,,,,
yevlakh,Yevlakh,2023,,,,,,,,,,,,,,,,
yevlakh,Yevlakh,2024,,,,,,,,,,,,,,,,
yevlakh,Yevlakh,2025,,,,,,,,,,,,,,,,
zangilan,Zangilan,2005,,,,,,,,,,,,,,,,
zangilan,Zangilan,2010,,,,,,,,,,,,,,,,
zangilan,Zangilan,2015,,,,,,,,,,,,,,,,
zangilan,Zangilan,2019,,,,,,,,,,,,,,,,
zangilan,Zangilan,2020,,,,,,,,,,,,,,,,
zangilan,Zangilan,2021,,,,,,,,,,,,,,,,
zangilan,Zangilan,2022,,,,,,,,,,,,,,,,
zangilan,Zangilan,2023,,,,,,,,,,,,,,,,
zangilan,Zangilan,2024,,,,,,,,,,,,,,,,
zangilan,Zangilan,2025,,,,,,,,,,,,,,,,
zaqatala,Zaqatala,2005,,,,,,,,,,,,,,,,
zaqatala,Zaqatala,2010,,,,,,,,,,,,,,,,
zaqatala,Zaqatala,2015,,,,,,,,,,,,,,,,
zaqatala,Zaqatala,2019,,,,,,,,,,,,,,,,
zaqatala,Zaqatala,2020,,,,,,,,,,,,,,,,
zaqatala,Zaqatala,2021,,,,,,,,,,,,,,,,
zaqatala,Zaqatala,2022,,,,,,,,,,,,,,,,
zaqatala,Zaqatala,2023,,,,,,,,,,,,,,,,
zaqatala,Zaqatala,2024,,,,,,,,,,,,,,,,
zaqatala,Zaqatala,2025,,,,,,,,,,,,,,,,
zardab,Zardab,2005,,,,,,,,,,,,,,,,
zardab,Zardab,2010,,,,,,,,,,,,,,,,
zardab,Zardab,2015,,,,,,,,,,,,,,,,
zardab,Zardab,2019,,,,,,,,,,,,,,,,
zardab,Zardab,2020,,,,,,,,,,,,,,,,
zardab,Zardab,2021,,,,,,,,,,,,,,,,
zardab,Zardab,2022,,,,,,,,,,,,,,,,
zardab,Zardab,2023,,,,,,,,,,,,,,,,
zardab,Zardab,2024,,,,,,,,,,,,,,,,
zardab,Zardab,2025,,,,,,,,,,,,,,,,
