country,year,service_value
Cəmi,2012,20270.8
Cəmi,2013,34276.7
Cəmi,2014,25672.2
Cəmi,2015,24063.4
Cəmi,2016,111188.1
Cəmi,2017,155830.1
Cəmi,2018,200221.8
Cəmi,2019,249351.9
Cəmi,2020,35733.1
Cəmi,2021,47342.1
Cəmi,2022,138766.6
Cəmi,2023,199754.2
Cəmi,2024,323283.7
ABŞ,2012,1574.0
ABŞ,2013,6700.0
ABŞ,2014,3226.3
ABŞ,2015,1550.1
ABŞ,2016,3664.6
ABŞ,2017,6370.0
ABŞ,2018,7077.6
ABŞ,2019,7313.7
ABŞ,2020,1086.9
ABŞ,2021,1535.4
ABŞ,2022,5196.6
ABŞ,2023,7716.2
ABŞ,2024,20422.0
Almaniya,2012,851.6
Almaniya,2013,956.5
Almaniya,2014,531.1
Almaniya,2015,684.4
Almaniya,2016,3002.0
Almaniya,2017,3967.4
Almaniya,2018,2887.6
Almaniya,2019,4376.4
Almaniya,2020,854.6
Almaniya,2021,1415.5
Almaniya,2022,2418.4
Almaniya,2023,3523.2
Almaniya,2024,6148.4
Belarus,2017,1311.0
Belarus,2018,785.6
Belarus,2019,902.0
Belarus,2020,282.3
Belarus,2021,316.2
Belarus,2022,527.4
Belarus,2023,1442.4
Belarus,2024,1595.8
Belçika,2012,186.9
Belçika,2013,189.4
Belçika,2014,107.6
Belçika,2015,118.9
Belçika,2016,550.7
Belçika,2017,672.1
Belçika,2018,439.3
Belçika,2019,485.4
Belçika,2020,81.4
Belçika,2021,279.4
Belçika,2022,413.6
Belçika,2023,511.2
Belçika,2024,862.4
Bəhreyn,2018,1570.4
Bəhreyn,2019,2476.6
Bəhreyn,2020,157.1
Bəhreyn,2021,153.4
Bəhreyn,2022,806.3
Bəhreyn,2023,969.5
Bəhreyn,2024,1844.9
BƏƏ,2018,26986.4
BƏƏ,2019,24776.9
BƏƏ,2020,3040.2
BƏƏ,2021,3941.3
BƏƏ,2022,14012.7
BƏƏ,2023,13555.4
BƏƏ,2024,18875.9
Bolqarıstan,2017,323.2
Bolqarıstan,2018,272.8
Bolqarıstan,2019,299.0
Bolqarıstan,2020,52.5
Bolqarıstan,2021,52.8
Bolqarıstan,2022,163.2
Bolqarıstan,2023,266.2
Bolqarıstan,2024,566.4
Böyük Britaniya,2012,3920.3
Böyük Britaniya,2013,5381.7
Böyük Britaniya,2014,2697.7
Böyük Britaniya,2015,3247.8
Böyük Britaniya,2016,8631.8
Böyük Britaniya,2017,14530.3
Böyük Britaniya,2018,7061.2
Böyük Britaniya,2019,14306.0
Böyük Britaniya,2020,2637.0
Böyük Britaniya,2021,5518.4
Böyük Britaniya,2022,6343.1
Böyük Britaniya,2023,8798.5
Böyük Britaniya,2024,13262.5
Çexiya Respublikası,2017,342.7
Çexiya Respublikası,2018,286.5
Çexiya Respublikası,2019,372.6
Çexiya Respublikası,2020,58.2
Çexiya Respublikası,2021,155.4
Çexiya Respublikası,2022,178.8
Çexiya Respublikası,2023,360.4
Çexiya Respublikası,2024,548.7
Çin,2012,185.5
Çin,2013,184.4
Çin,2014,198.3
Çin,2015,174.5
Çin,2016,1198.6
Çin,2017,1464.6
Çin,2018,1599.1
Çin,2019,3083.0
Çin,2020,232.0
Çin,2021,198.5
Çin,2022,720.4
Çin,2023,3261.0
Çin,2024,6073.5
Estoniya,2017,223.2
Estoniya,2018,139.1
Estoniya,2019,19.5
Estoniya,2020,140.7
Estoniya,2021,36.2
Estoniya,2022,166.1
Estoniya,2023,208.2
Estoniya,2024,339.4
Finlandiya,2012,40.7
Finlandiya,2013,39.1
Finlandiya,2014,33.4
Finlandiya,2015,78.5
Finlandiya,2016,293.4
Finlandiya,2017,219.0
Finlandiya,2018,240.9
Finlandiya,2019,293.6
Finlandiya,2020,13.2
Finlandiya,2021,31.8
Finlandiya,2022,131.4
Finlandiya,2023,186.3
Finlandiya,2024,367.2
Fransa,2012,442.0
Fransa,2013,691.8
Fransa,2014,494.5
Fransa,2015,535.6
Fransa,2016,2539.6
Fransa,2017,1799.4
Fransa,2018,1567.5
Fransa,2019,2088.2
Fransa,2020,293.7
Fransa,2021,774.0
Fransa,2022,1029.8
Fransa,2023,1796.3
Fransa,2024,2417.0
Gürcüstan,2012,400.7
Gürcüstan,2013,505.5
Gürcüstan,2014,337.7
Gürcüstan,2015,234.0
Gürcüstan,2016,2516.6
Gürcüstan,2017,2204.0
Gürcüstan,2018,1526.5
Gürcüstan,2019,2187.5
Gürcüstan,2020,335.5
Gürcüstan,2021,397.7
Gürcüstan,2022,1859.3
Gürcüstan,2023,3399.5
Gürcüstan,2024,2849.1
Hindistan,2012,164.5
Hindistan,2013,251.6
Hindistan,2014,302.3
Hindistan,2015,257.2
Hindistan,2016,820.0
Hindistan,2017,2408.1
Hindistan,2018,7742.6
Hindistan,2019,14172.4
Hindistan,2020,1670.6
Hindistan,2021,689.3
Hindistan,2022,6560.4
Hindistan,2023,16946.9
Hindistan,2024,45202.3
İraq,2018,3252.8
İraq,2019,1987.1
İraq,2020,363.7
İraq,2021,87.5
İraq,2022,448.7
İraq,2023,378.9
İraq,2024,648.0
İran,2012,163.6
İran,2013,158.7
İran,2014,321.2
İran,2015,175.4
İran,2016,5753.1
İran,2017,10492.9
İran,2018,6989.1
İran,2019,6481.3
İran,2020,568.8
İran,2021,346.4
İran,2022,1035.0
İran,2023,987.8
İran,2024,1010.1
İspaniya,2012,90.1
İspaniya,2013,113.5
İspaniya,2014,129.9
İspaniya,2015,189.5
İspaniya,2016,674.9
İspaniya,2017,1595.1
İspaniya,2018,867.0
İspaniya,2019,961.8
İspaniya,2020,150.3
İspaniya,2021,367.4
İspaniya,2022,682.4
İspaniya,2023,1071.6
İspaniya,2024,2125.2
Israil,2012,339.3
Israil,2013,437.7
Israil,2014,249.6
Israil,2015,287.8
Israil,2016,1624.9
Israil,2017,2210.9
Israil,2018,6521.0
Israil,2019,14259.8
Israil,2020,1548.1
Israil,2021,1825.8
Israil,2022,4967.6
Israil,2023,6699.9
Israil,2024,7095.3
İsveç,2012,208.1
İsveç,2013,298.0
İsveç,2014,75.8
İsveç,2015,63.1
İsveç,2016,382.3
İsveç,2017,573.3
İsveç,2018,326.2
İsveç,2019,437.2
İsveç,2020,56.1
İsveç,2021,106.2
İsveç,2022,187.3
İsveç,2023,325.1
İsveç,2024,752.4
İtaliya,2012,375.3
İtaliya,2013,606.3
İtaliya,2014,349.3
İtaliya,2015,600.5
İtaliya,2016,2278.8
İtaliya,2017,2921.4
İtaliya,2018,2249.1
İtaliya,2019,3682.8
İtaliya,2020,809.6
İtaliya,2021,1513.5
İtaliya,2022,2221.3
İtaliya,2023,3381.8
İtaliya,2024,4892.1
Kanada,2012,107.2
Kanada,2013,124.4
Kanada,2014,100.0
Kanada,2015,544.0
Kanada,2016,739.2
Kanada,2017,821.0
Kanada,2018,1600.6
Kanada,2019,1245.6
Kanada,2020,117.7
Kanada,2021,185.9
Kanada,2022,460.0
Kanada,2023,753.6
Kanada,2024,1778.4
Koreya Respublikası,2017,456.9
Koreya Respublikası,2018,1092.1
Koreya Respublikası,2019,930.9
Koreya Respublikası,2020,96.3
Koreya Respublikası,2021,81.0
Koreya Respublikası,2022,364.4
Koreya Respublikası,2023,752.6
Koreya Respublikası,2024,997.2
Küveyt,2018,6654.7
Küveyt,2019,7165.8
Küveyt,2020,1268.4
Küveyt,2021,403.0
Küveyt,2022,4874.9
Küveyt,2023,6618.9
Küveyt,2024,7620.1
Qazaxıstan,2012,282.4
Qazaxıstan,2013,449.7
Qazaxıstan,2014,280.3
Qazaxıstan,2015,211.5
Qazaxıstan,2016,1681.7
Qazaxıstan,2017,2048.5
Qazaxıstan,2018,3604.0
Qazaxıstan,2019,3456.6
Qazaxıstan,2020,503.7
Qazaxıstan,2021,556.1
Qazaxıstan,2022,2398.2
Qazaxıstan,2023,5302.2
Qazaxıstan,2024,7391.6
Qətər,2018,6576.3
Qətər,2019,6025.5
Qətər,2020,1088.1
Qətər,2021,1198.1
Qətər,2022,2339.9
Qətər,2023,2546.2
Qətər,2024,3726.9
Qırğızıstan,2017,341.5
Qırğızıstan,2018,155.0
Qırğızıstan,2019,249.2
Qırğızıstan,2020,29.0
Qırğızıstan,2021,51.3
Qırğızıstan,2022,103.3
Qırğızıstan,2023,340.2
Qırğızıstan,2024,728.0
Latviya,2017,348.3
Latviya,2018,294.9
Latviya,2019,306.4
Latviya,2020,52.2
Latviya,2021,85.1
Latviya,2022,145.3
Latviya,2023,339.9
Latviya,2024,577.0
Litva,2017,268.2
Litva,2018,272.3
Litva,2019,253.2
Litva,2020,29.7
Litva,2021,62.2
Litva,2022,147.3
Litva,2023,414.0
Litva,2024,604.0
Macarıstan,2018,213.1
Macarıstan,2019,349.5
Macarıstan,2020,55.7
Macarıstan,2021,89.8
Macarıstan,2022,211.4
Macarıstan,2023,515.2
Macarıstan,2024,1032.4
Malayziya,2018,284.5
Malayziya,2019,455.7
Malayziya,2020,33.1
Malayziya,2021,154.9
Malayziya,2022,250.7
Malayziya,2023,435.7
Malayziya,2024,580.9
Moldova,2017,1043.5
Moldova,2018,201.3
Moldova,2019,155.7
Moldova,2020,33.1
Moldova,2021,37.6
Moldova,2022,122.0
Moldova,2023,165.6
Moldova,2024,328.6
Niderland,2012,264.6
Niderland,2013,258.7
Niderland,2014,165.0
Niderland,2015,171.7
Niderland,2016,1051.2
Niderland,2017,1398.5
Niderland,2018,749.8
Niderland,2019,896.8
Niderland,2020,285.3
Niderland,2021,535.9
Niderland,2022,855.5
Niderland,2023,1034.5
Niderland,2024,1313.2
Norveç,2012,292.3
Norveç,2013,256.9
Norveç,2014,210.0
Norveç,2015,95.8
Norveç,2016,709.8
Norveç,2017,1355.4
Norveç,2018,751.9
Norveç,2019,2669.2
Norveç,2020,289.0
Norveç,2021,429.1
Norveç,2022,634.9
Norveç,2023,641.9
Norveç,2024,837.4
Oman,2018,1774.5
Oman,2019,1340.8
Oman,2020,174.7
Oman,2021,53.1
Oman,2022,1057.8
Oman,2023,953.0
Oman,2024,1685.9
Özbəkistan,2017,1175.2
Özbəkistan,2018,1408.2
Özbəkistan,2019,1243.7
Özbəkistan,2020,176.8
Özbəkistan,2021,193.8
Özbəkistan,2022,1215.1
Özbəkistan,2023,3029.9
Özbəkistan,2024,4468.8
Pakistan,2012,38.8
Pakistan,2013,44.1
Pakistan,2014,15.6
Pakistan,2015,34.7
Pakistan,2016,639.2
Pakistan,2017,1650.2
Pakistan,2018,4331.1
Pakistan,2019,3774.3
Pakistan,2020,378.5
Pakistan,2021,263.0
Pakistan,2022,2777.1
Pakistan,2023,3371.3
Pakistan,2024,6952.6
Polşa,2012,52.1
Polşa,2013,71.2
Polşa,2014,50.4
Polşa,2015,83.0
Polşa,2016,535.1
Polşa,2017,772.1
Polşa,2018,487.5
Polşa,2019,732.6
Polşa,2020,121.7
Polşa,2021,270.2
Polşa,2022,466.7
Polşa,2023,1028.6
Polşa,2024,1228.4
Rumıniya,2012,34.1
Rumıniya,2013,55.2
Rumıniya,2014,34.2
Rumıniya,2015,41.1
Rumıniya,2016,416.7
Rumıniya,2017,341.8
Rumıniya,2018,244.3
Rumıniya,2019,483.8
Rumıniya,2020,115.4
Rumıniya,2021,115.2
Rumıniya,2022,194.8
Rumıniya,2023,524.1
Rumıniya,2024,759.5
Rusiya  Federasiyası,2012,1521.9
Rusiya  Federasiyası,2013,2839.6
Rusiya  Federasiyası,2014,1535.5
Rusiya  Federasiyası,2015,1860.3
Rusiya  Federasiyası,2016,16211.3
Rusiya  Federasiyası,2017,22462.6
Rusiya  Federasiyası,2018,24792.6
Rusiya  Federasiyası,2019,28889.1
Rusiya  Federasiyası,2020,5252.2
Rusiya  Federasiyası,2021,5416.2
Rusiya  Federasiyası,2022,19915.2
Rusiya  Federasiyası,2023,32042.5
Rusiya  Federasiyası,2024,42448.2
Səudiyyə Ərəbistanı,2018,15698.3
Səudiyyə Ərəbistanı,2019,26284.3
Səudiyyə Ərəbistanı,2020,2522.4
Səudiyyə Ərəbistanı,2021,1141.9
Səudiyyə Ərəbistanı,2022,19189.2
Səudiyyə Ərəbistanı,2023,16118.2
Səudiyyə Ərəbistanı,2024,23163.2
Tacikistan,2017,161.4
Tacikistan,2018,209.6
Tacikistan,2019,106.7
Tacikistan,2020,10.4
Tacikistan,2021,14.5
Tacikistan,2022,89.4
Tacikistan,2023,309.3
Tacikistan,2024,508.8
Türkiyə,2012,1172.5
Türkiyə,2013,1974.8
Türkiyə,2014,1437.7
Türkiyə,2015,2257.4
Türkiyə,2016,10057.6
Türkiyə,2017,10786.2
Türkiyə,2018,8117.1
Türkiyə,2019,12214.0
Türkiyə,2020,3282.8
Türkiyə,2021,7928.9
Türkiyə,2022,12146.3
Türkiyə,2023,16792.8
Türkiyə,2024,24802.9
Türkmənistan,2017,478.8
Türkmənistan,2018,148.3
Türkmənistan,2019,347.5
Türkmənistan,2020,47.3
Türkmənistan,2021,34.6
Türkmənistan,2022,100.6
Türkmənistan,2023,231.5
Türkmənistan,2024,265.4
Ukrayna,2012,272.3
Ukrayna,2013,499.1
Ukrayna,2014,298.2
Ukrayna,2015,355.3
Ukrayna,2016,3510.5
Ukrayna,2017,3207.5
Ukrayna,2018,2371.7
Ukrayna,2019,2898.1
Ukrayna,2020,505.1
Ukrayna,2021,687.5
Ukrayna,2022,902.4
Ukrayna,2023,1770.7
Ukrayna,2024,1913.1
Yaponiya,2012,110.5
Yaponiya,2013,113.8
Yaponiya,2014,79.9
Yaponiya,2015,118.8
Yaponiya,2016,308.2
Yaponiya,2017,497.1
Yaponiya,2018,697.8
Yaponiya,2019,710.3
Yaponiya,2020,73.2
Yaponiya,2021,173.3
Yaponiya,2022,295.3
Yaponiya,2023,435.1
Yaponiya,2024,1082.0
Digər ölkələr,2012,7179.5
Digər ölkələr,2013,11074.999999999996
Digər ölkələr,2014,12410.7
Digər ölkələr,2015,10092.500000000002
Digər ölkələr,2016,41396.30000000002
Digər ölkələr,2017,52586.80000000002
Digər ölkələr,2018,37101.99999999997
Digər ölkələr,2019,41203.80000000002
Digər ölkələr,2020,4758.799999999996
Digər ölkələr,2021,7437.799999999996
Digər ölkələr,2022,17439.09999999999
Digər ölkələr,2023,27500.4
Digər ölkələr,2024,48590.6
